experiment,step,planned_steps,epoch,loss,learning_rate,grad_norm,skipped,nan
pc7-v2,1,276,0.007259528130671506,0.4357242,1.111111e-05,0.245,0,0
pc7-v2,2,276,0.014519056261343012,0.3456672,2.222222e-05,0.233,0,0
pc7-v2,3,276,0.021778584392014518,0.5263721,3.333333e-05,0.227,0,0
pc7-v2,4,276,0.029038112522686024,0.4779785,4.444444e-05,0.225,0,0
pc7-v2,5,276,0.036297640653357534,0.4052216,5.555556e-05,0.191,0,0
pc7-v2,6,276,0.043557168784029036,0.5279731,6.666667e-05,0.149,0,0
pc7-v2,7,276,0.050816696914700546,0.4000692,7.777778e-05,0.181,0,0
pc7-v2,8,276,0.05807622504537205,0.4074373,8.888889e-05,0.201,0,0
pc7-v2,9,276,0.06533575317604355,0.6410941,0.0001,1.251,0,0
pc7-v2,10,276,0.07259528130671507,0.2870924,9.999688e-05,0.147,0,0
pc7-v2,11,276,0.07985480943738657,0.3887782,9.998754e-05,0.124,0,0
pc7-v2,12,276,0.08711433756805807,0.3439803,9.997197e-05,0.134,0,0
pc7-v2,13,276,0.09437386569872959,0.4552088,9.995017e-05,0.109,0,0
pc7-v2,14,276,0.10163339382940109,0.5004469,9.992214e-05,0.129,0,0
pc7-v2,15,276,0.1088929219600726,0.4443949,9.98879e-05,0.151,0,0
pc7-v2,16,276,0.1161524500907441,0.3175905,9.984745e-05,0.115,0,0
pc7-v2,17,276,0.12341197822141561,0.522144,9.980079e-05,0.122,0,0
pc7-v2,18,276,0.1306715063520871,0.4114807,9.974792e-05,0.122,0,0
pc7-v2,19,276,0.13793103448275862,0.4789023,9.968886e-05,0.109,0,0
pc7-v2,20,276,0.14519056261343014,0.4413718,9.962361e-05,0.227,0,0
pc7-v2,21,276,0.15245009074410162,0.4368777,9.955218e-05,0.391,0,0
pc7-v2,22,276,0.15970961887477314,0.340063,9.947459e-05,0.111,0,0
pc7-v2,23,276,0.16696914700544466,0.4500147,9.939084e-05,0.144,0,0
pc7-v2,24,276,0.17422867513611615,0.3648859,9.930094e-05,0.148,0,0
pc7-v2,25,276,0.18148820326678766,0.5459936,9.920491e-05,0.116,0,0
pc7-v2,26,276,0.18874773139745918,0.4047268,9.910276e-05,0.153,0,0
pc7-v2,27,276,0.19600725952813067,0.531941,9.89945e-05,0.135,0,0
pc7-v2,28,276,0.20326678765880218,0.4753731,9.888015e-05,0.137,0,0
pc7-v2,29,276,0.21052631578947367,0.4942009,9.875974e-05,0.141,0,0
pc7-v2,30,276,0.2177858439201452,0.4114391,9.863325e-05,0.296,0,0
pc7-v2,31,276,0.2250453720508167,0.461769,9.850074e-05,0.11,0,0
pc7-v2,32,276,0.2323049001814882,0.5240734,9.836219e-05,0.142,0,0
pc7-v2,33,276,0.2395644283121597,0.4045801,9.821764e-05,0.189,0,0
pc7-v2,34,276,0.24682395644283123,0.4799495,9.806712e-05,0.135,0,0
pc7-v2,35,276,0.2540834845735027,0.4657283,9.791063e-05,0.104,0,0
pc7-v2,36,276,0.2613430127041742,0.4316012,9.774819e-05,0.094,0,0
pc7-v2,37,276,0.26860254083484575,0.4822132,9.757984e-05,0.101,0,0
pc7-v2,38,276,0.27586206896551724,0.615413,9.740559e-05,0.155,0,0
pc7-v2,39,276,0.2831215970961887,0.906626,9.722548e-05,4.231,0,0
pc7-v2,40,276,0.29038112522686027,0.4297071,9.703952e-05,0.127,0,0
pc7-v2,41,276,0.29764065335753176,0.4900775,9.684773e-05,0.112,0,0
pc7-v2,42,276,0.30490018148820325,0.5340328,9.665016e-05,3.21,0,0
pc7-v2,43,276,0.3121597096188748,0.4334344,9.644681e-05,0.093,0,0
pc7-v2,44,276,0.3194192377495463,0.4930449,9.623774e-05,0.139,0,0
pc7-v2,45,276,0.32667876588021777,0.4712508,9.602294e-05,0.128,0,0
pc7-v2,46,276,0.3339382940108893,0.4929898,9.580248e-05,0.109,0,0
pc7-v2,47,276,0.3411978221415608,0.3875137,9.557636e-05,0.1,0,0
pc7-v2,48,276,0.3484573502722323,0.381644,9.534463e-05,0.138,0,0
pc7-v2,49,276,0.35571687840290384,0.5107096,9.510731e-05,0.154,0,0
pc7-v2,50,276,0.3629764065335753,0.4018892,9.486443e-05,0.138,0,0
pc7-v2,51,276,0.3702359346642468,0.4946072,9.461604e-05,0.867,0,0
pc7-v2,52,276,0.37749546279491836,0.4507392,9.436216e-05,0.108,0,0
pc7-v2,53,276,0.38475499092558985,0.4728364,9.410284e-05,0.115,0,0
pc7-v2,54,276,0.39201451905626133,0.461507,9.38381e-05,0.176,0,0
pc7-v2,55,276,0.3992740471869328,0.4382018,9.356799e-05,0.094,0,0
pc7-v2,56,276,0.40653357531760437,0.404074,9.329252e-05,0.184,0,0
pc7-v2,57,276,0.41379310344827586,0.3683113,9.301177e-05,0.149,0,0
pc7-v2,58,276,0.42105263157894735,0.3537457,9.272575e-05,0.163,0,0
pc7-v2,59,276,0.4283121597096189,0.7860568,9.243451e-05,3.851,0,0
pc7-v2,60,276,0.4355716878402904,0.4273557,9.213809e-05,0.165,0,0
pc7-v2,61,276,0.44283121597096187,0.4596744,9.183652e-05,0.155,0,0
pc7-v2,62,276,0.4500907441016334,0.4440403,9.152985e-05,0.26,0,0
pc7-v2,63,276,0.4573502722323049,0.4750752,9.121813e-05,0.126,0,0
pc7-v2,64,276,0.4646098003629764,0.4541026,9.090139e-05,0.155,0,0
pc7-v2,65,276,0.47186932849364793,0.5573154,9.057968e-05,0.137,0,0
pc7-v2,66,276,0.4791288566243194,0.3702606,9.025304e-05,0.238,0,0
pc7-v2,67,276,0.4863883847549909,0.5088845,8.992153e-05,0.192,0,0
pc7-v2,68,276,0.49364791288566245,0.4498732,8.958518e-05,0.177,0,0
pc7-v2,69,276,0.5009074410163339,0.4982651,8.924404e-05,0.184,0,0
pc7-v2,70,276,0.5081669691470054,0.3691529,8.889817e-05,0.132,0,0
pc7-v2,71,276,0.515426497277677,0.483549,8.85476e-05,0.131,0,0
pc7-v2,72,276,0.5226860254083484,0.5663354,8.819238e-05,0.138,0,0
pc7-v2,73,276,0.52994555353902,0.3528963,8.783257e-05,0.153,0,0
pc7-v2,74,276,0.5372050816696915,0.4846593,8.746822e-05,0.221,0,0
pc7-v2,75,276,0.5444646098003629,0.484119,8.709936e-05,0.239,0,0
pc7-v2,76,276,0.5517241379310345,0.3565532,8.672607e-05,0.139,0,0
pc7-v2,77,276,0.558983666061706,0.3851286,8.634838e-05,0.121,0,0
pc7-v2,78,276,0.5662431941923775,0.5107279,8.596636e-05,0.138,0,0
pc7-v2,79,276,0.573502722323049,0.3491127,8.558004e-05,0.27,0,0
pc7-v2,80,276,0.5807622504537205,0.4227201,8.518949e-05,0.313,0,0
pc7-v2,81,276,0.588021778584392,0.4372313,8.479476e-05,0.168,0,0
pc7-v2,82,276,0.5952813067150635,0.3415868,8.439591e-05,0.181,0,0
pc7-v2,83,276,0.6025408348457351,0.5078717,8.399299e-05,0.197,0,0
pc7-v2,84,276,0.6098003629764065,0.3227879,8.358605e-05,0.127,0,0
pc7-v2,85,276,0.617059891107078,0.4627164,8.317516e-05,0.171,0,0
pc7-v2,86,276,0.6243194192377496,0.3999991,8.276037e-05,0.151,0,0
pc7-v2,87,276,0.631578947368421,0.4530071,8.234173e-05,0.213,0,0
pc7-v2,88,276,0.6388384754990926,0.5095953,8.19193e-05,0.112,0,0
pc7-v2,89,276,0.6460980036297641,0.5073907,8.149316e-05,0.681,0,0
pc7-v2,90,276,0.6533575317604355,0.4553184,8.106334e-05,0.15,0,0
pc7-v2,91,276,0.6606170598911071,0.4927632,8.062991e-05,0.12,0,0
pc7-v2,92,276,0.6678765880217786,0.411309,8.019293e-05,0.129,0,0
pc7-v2,93,276,0.6751361161524501,0.4146706,7.975248e-05,0.14,0,0
pc7-v2,94,276,0.6823956442831216,0.5214334,7.930859e-05,13.741,0,0
pc7-v2,95,276,0.6896551724137931,0.3850175,7.886133e-05,0.105,0,0
pc7-v2,96,276,0.6969147005444646,0.3922001,7.841078e-05,0.132,0,0
pc7-v2,97,276,0.7041742286751361,0.4598677,7.795697e-05,0.18,0,0
pc7-v2,98,276,0.7114337568058077,0.4939164,7.75e-05,0.147,0,0
pc7-v2,99,276,0.7186932849364791,0.3801591,7.703991e-05,0.107,0,0
pc7-v2,100,276,0.7259528130671506,0.4381497,7.657676e-05,0.164,0,0
pc7-v2,101,276,0.7332123411978222,0.3871933,7.611063e-05,0.122,0,0
pc7-v2,102,276,0.7404718693284936,0.3951461,7.564158e-05,0.14,0,0
pc7-v2,103,276,0.7477313974591652,0.4136938,7.516967e-05,0.18,0,0
pc7-v2,104,276,0.7549909255898367,0.4312225,7.469497e-05,0.142,0,0
pc7-v2,105,276,0.7622504537205081,0.5173128,7.421754e-05,0.124,0,0
pc7-v2,106,276,0.7695099818511797,0.4186606,7.373745e-05,0.139,0,0
pc7-v2,107,276,0.7767695099818511,0.4354311,7.325476e-05,0.191,0,0
pc7-v2,108,276,0.7840290381125227,0.3909698,7.276955e-05,0.16,0,0
pc7-v2,109,276,0.7912885662431942,0.4750177,7.228188e-05,0.179,0,0
pc7-v2,110,276,0.7985480943738656,0.3017281,7.179182e-05,0.119,0,0
pc7-v2,111,276,0.8058076225045372,0.4683021,7.129943e-05,0.147,0,0
pc7-v2,112,276,0.8130671506352087,0.435152,7.080479e-05,0.161,0,0
pc7-v2,113,276,0.8203266787658802,0.4668132,7.030795e-05,0.142,0,0
pc7-v2,114,276,0.8275862068965517,0.3958582,6.9809e-05,5.493,0,0
pc7-v2,115,276,0.8348457350272233,0.7353508,6.9308e-05,48.932,0,0
pc7-v2,116,276,0.8421052631578947,0.3926237,6.880501e-05,0.161,0,0
pc7-v2,117,276,0.8493647912885662,0.5950623,6.830012e-05,0.329,0,0
pc7-v2,118,276,0.8566243194192378,0.7572235,6.779338e-05,100.516,0,0
pc7-v2,119,276,0.8638838475499092,0.5151333,6.728488e-05,0.175,0,0
pc7-v2,120,276,0.8711433756805808,0.5220271,6.677466e-05,0.422,0,0
pc7-v2,121,276,0.8784029038112523,0.5067104,6.626283e-05,0.139,0,0
pc7-v2,122,276,0.8856624319419237,0.477733,6.574943e-05,0.135,0,0
pc7-v2,123,276,0.8929219600725953,0.4288194,6.523455e-05,0.164,0,0
pc7-v2,124,276,0.9001814882032668,0.3731169,6.471825e-05,0.175,0,0
pc7-v2,125,276,0.9074410163339383,0.4128214,6.42006e-05,0.152,0,0
pc7-v2,126,276,0.9147005444646098,0.5086173,6.368167e-05,0.165,0,0
pc7-v2,127,276,0.9219600725952813,0.4382842,6.316155e-05,0.25,0,0
pc7-v2,128,276,0.9292196007259528,0.4559127,6.26403e-05,0.283,0,0
pc7-v2,129,276,0.9364791288566243,0.4509542,6.211799e-05,0.171,0,0
pc7-v2,130,276,0.9437386569872959,0.3808837,6.159468e-05,0.173,0,0
pc7-v2,131,276,0.9509981851179673,0.3715474,6.107048e-05,0.182,0,0
pc7-v2,132,276,0.9582577132486388,0.5206227,6.054543e-05,0.142,0,0
pc7-v2,133,276,0.9655172413793104,0.2700414,6.001961e-05,0.204,0,0
pc7-v2,134,276,0.9727767695099818,0.5157404,5.94931e-05,0.169,0,0
pc7-v2,135,276,0.9800362976406534,0.5104096,5.896596e-05,0.143,0,0
pc7-v2,136,276,0.9872958257713249,0.5095024,5.843828e-05,694.742,0,0
pc7-v2,137,276,0.9945553539019963,0.4205561,5.791012e-05,0.248,0,0
pc7-v2,138,276,1.0018148820326678,0.3767363,5.738156e-05,0.173,0,0
pc7-v2,139,276,1.0090744101633393,0.3434628,5.685266e-05,0.151,0,0
pc7-v2,140,276,1.0163339382940109,0.3370827,5.632352e-05,0.206,0,0
pc7-v2,141,276,1.0235934664246824,0.4651452,5.579418e-05,1.117,0,0
pc7-v2,142,276,1.030852994555354,0.3090605,5.526474e-05,0.162,0,0
pc7-v2,143,276,1.0381125226860255,0.5216056,5.473526e-05,0.763,0,0
pc7-v2,144,276,1.0453720508166968,0.4653556,5.420582e-05,0.822,0,0
pc7-v2,145,276,1.0526315789473684,0.3753091,5.367649e-05,0.268,0,0
pc7-v2,146,276,1.05989110707804,0.3785701,5.314734e-05,0.175,0,0
pc7-v2,147,276,1.0671506352087115,0.4566977,5.261844e-05,1621.807,0,0
pc7-v2,148,276,1.074410163339383,0.3703824,5.208988e-05,0.171,0,0
pc7-v2,149,276,1.0816696914700545,0.3677001,5.156172e-05,0.193,0,0
pc7-v2,150,276,1.0889292196007259,0.3308853,5.103404e-05,0.156,0,0
pc7-v2,151,276,1.0961887477313974,0.4442507,5.05069e-05,0.172,0,0
pc7-v2,152,276,1.103448275862069,0.5014948,4.998039e-05,0.183,0,0
pc7-v2,153,276,1.1107078039927405,0.3909796,4.945457e-05,0.236,0,0
pc7-v2,154,276,1.117967332123412,0.416155,4.892952e-05,0.191,0,0
pc7-v2,155,276,1.1252268602540836,0.495519,4.840531e-05,0.153,0,0
pc7-v2,156,276,1.132486388384755,0.3899822,4.788201e-05,0.196,0,0
pc7-v2,157,276,1.1397459165154264,0.4946944,4.73597e-05,0.787,0,0
pc7-v2,158,276,1.147005444646098,0.4104861,4.683845e-05,0.221,0,0
pc7-v2,159,276,1.1542649727767695,0.4461995,4.631833e-05,7.57,0,0
pc7-v2,160,276,1.161524500907441,0.3531365,4.579941e-05,0.171,0,0
pc7-v2,161,276,1.1687840290381126,0.5839718,4.528176e-05,4.377,0,0
pc7-v2,162,276,1.176043557168784,0.4027119,4.476546e-05,0.156,0,0
pc7-v2,163,276,1.1833030852994555,0.4195431,4.425057e-05,0.507,0,0
pc7-v2,164,276,1.190562613430127,0.5348564,4.373717e-05,0.204,0,0
pc7-v2,165,276,1.1978221415607986,0.9250662,4.322533e-05,200.657,0,0
pc7-v2,166,276,1.2050816696914701,0.496369,4.271512e-05,0.185,0,0
pc7-v2,167,276,1.2123411978221417,0.4534554,4.220662e-05,0.168,0,0
pc7-v2,168,276,1.219600725952813,0.4849987,4.169988e-05,0.191,0,0
pc7-v2,169,276,1.2268602540834845,0.4053687,4.119499e-05,0.175,0,0
pc7-v2,170,276,1.234119782214156,0.5616438,4.0692e-05,0.244,0,0
pc7-v2,171,276,1.2413793103448276,0.4282978,4.0191e-05,0.165,0,0
pc7-v2,172,276,1.2486388384754992,0.4941359,3.969205e-05,0.167,0,0
pc7-v2,173,276,1.2558983666061705,0.4394881,3.919522e-05,0.157,0,0
pc7-v2,174,276,1.263157894736842,0.4666649,3.870057e-05,0.143,0,0
pc7-v2,175,276,1.2704174228675136,0.5627627,3.820818e-05,0.196,0,0
pc7-v2,176,276,1.2776769509981851,0.4645057,3.771812e-05,0.454,0,0
pc7-v2,177,276,1.2849364791288567,0.436203,3.723045e-05,1.395,0,0
pc7-v2,178,276,1.2921960072595282,0.4984824,3.674523e-05,0.161,0,0
pc7-v2,179,276,1.2994555353901995,0.4457859,3.626255e-05,0.426,0,0
pc7-v2,180,276,1.306715063520871,0.4650731,3.578246e-05,367.765,0,0
pc7-v2,181,276,1.3139745916515426,0.486759,3.530503e-05,0.206,0,0
pc7-v2,182,276,1.3212341197822142,0.5016149,3.483033e-05,0.171,0,0
pc7-v2,183,276,1.3284936479128857,0.4508188,3.435842e-05,0.247,0,0
pc7-v2,184,276,1.3357531760435573,0.4828627,3.388937e-05,0.161,0,0
pc7-v2,185,276,1.3430127041742286,0.4089948,3.342324e-05,0.165,0,0
pc7-v2,186,276,1.3502722323049001,0.3760655,3.296009e-05,0.137,0,0
pc7-v2,187,276,1.3575317604355717,0.3884918,3.25e-05,0.195,0,0
pc7-v2,188,276,1.3647912885662432,0.4641645,3.204302e-05,0.168,0,0
pc7-v2,189,276,1.3720508166969148,0.9853866,3.158922e-05,4405.749,0,0
pc7-v2,190,276,1.3793103448275863,0.4539742,3.113867e-05,0.159,0,0
pc7-v2,191,276,1.3865698729582576,0.4497414,3.069141e-05,0.143,0,0
pc7-v2,192,276,1.3938294010889292,0.4613981,3.024753e-05,0.155,0,0
pc7-v2,193,276,1.4010889292196007,0.4310124,2.980706e-05,0.418,0,0
pc7-v2,194,276,1.4083484573502723,0.3605669,2.937009e-05,0.147,0,0
pc7-v2,195,276,1.4156079854809438,0.4121046,2.893666e-05,0.205,0,0
pc7-v2,196,276,1.4228675136116153,0.3577636,2.850685e-05,0.125,0,0
pc7-v2,197,276,1.4301270417422867,0.8706951,2.80807e-05,1371.411,0,0
pc7-v2,198,276,1.4373865698729582,0.3342075,2.765827e-05,0.163,0,0
pc7-v2,199,276,1.4446460980036298,0.4761151,2.723964e-05,0.159,0,0
pc7-v2,200,276,1.4519056261343013,0.4253561,2.682484e-05,1.203,0,0
pc7-v2,201,276,1.4591651542649728,0.4814312,2.641395e-05,0.155,0,0
pc7-v2,202,276,1.4664246823956444,0.5200977,2.600701e-05,0.135,0,0
pc7-v2,203,276,1.4736842105263157,0.448174,2.560409e-05,0.131,0,0
pc7-v2,204,276,1.4809437386569873,0.4728247,2.520524e-05,2.532,0,0
pc7-v2,205,276,1.4882032667876588,0.489588,2.481051e-05,0.169,0,0
pc7-v2,206,276,1.4954627949183303,0.4107217,2.441996e-05,0.143,0,0
pc7-v2,207,276,1.5027223230490019,0.552128,2.403365e-05,0.189,0,0
pc7-v2,208,276,1.5099818511796734,0.3950541,2.365162e-05,0.114,0,0
pc7-v2,209,276,1.5172413793103448,0.4625179,2.327393e-05,0.144,0,0
pc7-v2,210,276,1.5245009074410163,0.4818252,2.290064e-05,0.156,0,0
pc7-v2,211,276,1.5317604355716878,0.3839959,2.253179e-05,0.199,0,0
pc7-v2,212,276,1.5390199637023594,0.8623269,2.216743e-05,209.118,0,0
pc7-v2,213,276,1.546279491833031,0.3233341,2.180762e-05,0.199,0,0
pc7-v2,214,276,1.5535390199637023,0.3860026,2.14524e-05,0.152,0,0
pc7-v2,215,276,1.5607985480943738,0.4542095,2.110183e-05,0.151,0,0
pc7-v2,216,276,1.5680580762250453,0.4686962,2.075596e-05,0.193,0,0
pc7-v2,217,276,1.5753176043557169,0.3435566,2.041482e-05,0.246,0,0
pc7-v2,218,276,1.5825771324863884,0.4175536,2.007847e-05,0.185,0,0
pc7-v2,219,276,1.58983666061706,0.4143853,1.974695e-05,0.261,0,0
pc7-v2,220,276,1.5970961887477313,0.3961531,1.942032e-05,0.147,0,0
pc7-v2,221,276,1.6043557168784028,0.4788444,1.909861e-05,0.769,0,0
pc7-v2,222,276,1.6116152450090744,0.3287411,1.878187e-05,0.231,0,0
pc7-v2,223,276,1.618874773139746,0.4197432,1.847015e-05,0.171,0,0
pc7-v2,224,276,1.6261343012704175,0.3830572,1.816348e-05,0.171,0,0
pc7-v2,225,276,1.633393829401089,0.4966873,1.786192e-05,0.181,0,0
pc7-v2,226,276,1.6406533575317603,0.6375487,1.756549e-05,11.019,0,0
pc7-v2,227,276,1.6479128856624319,0.4659409,1.727425e-05,0.184,0,0
pc7-v2,228,276,1.6551724137931034,0.4914902,1.698823e-05,0.138,0,0
pc7-v2,229,276,1.662431941923775,0.4948688,1.670747e-05,0.168,0,0
pc7-v2,230,276,1.6696914700544465,0.3844778,1.643202e-05,0.138,0,0
pc7-v2,231,276,1.676950998185118,0.4465554,1.61619e-05,0.182,0,0
pc7-v2,232,276,1.6842105263157894,0.6311428,1.589716e-05,243.846,0,0
pc7-v2,233,276,1.691470054446461,0.6241492,1.563784e-05,10.966,0,0
pc7-v2,234,276,1.6987295825771325,0.3995462,1.538396e-05,0.183,0,0
pc7-v2,235,276,1.705989110707804,0.4831681,1.513557e-05,0.263,0,0
pc7-v2,236,276,1.7132486388384756,0.4801522,1.489269e-05,0.186,0,0
pc7-v2,237,276,1.720508166969147,0.3396981,1.465537e-05,0.156,0,0
pc7-v2,238,276,1.7277676950998184,0.4623802,1.442364e-05,0.162,0,0
pc7-v2,239,276,1.73502722323049,0.3750491,1.419752e-05,0.779,0,0
pc7-v2,240,276,1.7422867513611615,0.3960275,1.397705e-05,0.154,0,0
pc7-v2,241,276,1.749546279491833,0.4061326,1.376226e-05,0.282,0,0
pc7-v2,242,276,1.7568058076225046,0.4341901,1.355318e-05,0.259,0,0
pc7-v2,243,276,1.7640653357531761,0.5097841,1.334984e-05,0.19,0,0
pc7-v2,244,276,1.7713248638838475,0.3903146,1.315227e-05,0.213,0,0
pc7-v2,245,276,1.778584392014519,0.3536744,1.296048e-05,0.185,0,0
pc7-v2,246,276,1.7858439201451906,0.6916681,1.277452e-05,6.962,0,0
pc7-v2,247,276,1.793103448275862,0.4198383,1.259441e-05,0.173,0,0
pc7-v2,248,276,1.8003629764065336,0.3607263,1.242016e-05,0.217,0,0
pc7-v2,249,276,1.8076225045372052,0.454872,1.225181e-05,0.188,0,0
pc7-v2,250,276,1.8148820326678765,0.4024315,1.208938e-05,0.196,0,0
pc7-v2,251,276,1.822141560798548,0.7579109,1.193288e-05,55.383,0,0
pc7-v2,252,276,1.8294010889292196,0.5190024,1.178236e-05,0.184,0,0
pc7-v2,253,276,1.8366606170598911,0.5842198,1.163781e-05,0.699,0,0
pc7-v2,254,276,1.8439201451905627,0.4439997,1.149927e-05,0.16,0,0
pc7-v2,255,276,1.851179673321234,0.7382007,1.136675e-05,679.292,0,0
pc7-v2,256,276,1.8584392014519056,0.4440526,1.124026e-05,0.207,0,0
pc7-v2,257,276,1.865698729582577,0.5350617,1.111984e-05,0.358,0,0
pc7-v2,258,276,1.8729582577132486,0.519538,1.10055e-05,0.227,0,0
pc7-v2,259,276,1.8802177858439202,0.4979956,1.089724e-05,0.167,0,0
pc7-v2,260,276,1.8874773139745917,0.4411403,1.079509e-05,0.103,0,0
pc7-v2,261,276,1.894736842105263,0.4416693,1.069906e-05,0.151,0,0
pc7-v2,262,276,1.9019963702359346,0.3355743,1.060916e-05,0.16,0,0
pc7-v2,263,276,1.9092558983666061,0.416234,1.052541e-05,0.17,0,0
pc7-v2,264,276,1.9165154264972777,0.5010021,1.044782e-05,1.234,0,0
pc7-v2,265,276,1.9237749546279492,0.4930432,1.037639e-05,0.198,0,0
pc7-v2,266,276,1.9310344827586208,0.361261,1.031114e-05,0.327,0,0
pc7-v2,267,276,1.938294010889292,0.4137481,1.025208e-05,0.135,0,0
pc7-v2,268,276,1.9455535390199636,0.5152226,1.019921e-05,0.173,0,0
pc7-v2,269,276,1.9528130671506352,0.3667828,1.015255e-05,0.135,0,0
pc7-v2,270,276,1.9600725952813067,0.4587266,1.011209e-05,0.139,0,0
pc7-v2,271,276,1.9673321234119783,0.4115064,1.007785e-05,0.159,0,0
pc7-v2,272,276,1.9745916515426498,0.4277588,1.004983e-05,0.36,0,0
pc7-v2,273,276,1.9818511796733211,0.5732621,1.002803e-05,0.205,0,0
pc7-v2,274,276,1.9891107078039927,0.6670046,1.001246e-05,3098.579,0,0
pc7-v2,275,276,1.9963702359346642,0.4476334,1.000311e-05,0.226,0,0
pc7-v2,276,276,2.0036297640653356,0.348759,1e-05,0.167,0,0
