timestamp,step,total_steps,consumed_samples,elapsed_ms,learning_rate,global_batch_size,lm_loss,loss_scale,grad_norm,skipped_iterations,nan_iterations,step_time_s,tflops_per_gpu,step_time_source,progress,epoch,samples_per_sec,tokens_per_sec,tokens_per_sec_per_gpu,perplexity,is_checkpoint_step,status,lm_loss_rolling_mean,step_time_rolling_mean_s
2026-08-27 10:31:19,1,276,8,153041.3,1.111111e-05,8,0.4367845,1.0,0.337,0,0,153.04,73.1,Step Time,0.0036231884057971015,0.007259528130671506,0.05227391531625719,5138.734971249347,642.3418714061684,1.547722506915208,False,,0.4367845,153.04
2026-08-27 10:32:12,2,276,16,52487.2,2.222222e-05,8,0.3458927,1.0,0.15,0,0,52.49,213.3,Step Time,0.007246376811594203,0.014519056261343012,0.1524099828538769,14982.510954467518,1872.8138693084397,1.413250965853166,False,,0.3913386,102.765
2026-08-27 10:33:05,3,276,24,53060.2,3.333333e-05,8,0.5181887,1.0,0.181,0,0,53.06,211.0,Step Time,0.010869565217391304,0.021778584392014518,0.15077271013946475,14821.560497549943,1852.6950621937428,1.6789837505564489,False,,0.4336219666666667,86.19666666666666
2026-08-27 10:34:01,4,276,32,56393.1,4.444444e-05,8,0.478617,1.0,0.269,0,0,56.39,198.5,Step Time,0.014492753623188406,0.029038112522686024,0.14186912573151267,13946.302535910623,1743.287816988828,1.6138409161062865,False,,0.444870725,78.745
2026-08-27 10:34:55,5,276,40,53987.8,5.555556e-05,8,0.4046142,1.0,0.197,0,0,53.99,207.3,Step Time,0.018115942028985508,0.036297640653357534,0.14817558807186515,14566.253009816632,1820.781626227079,1.4987241807172187,False,,0.43681941999999996,73.79400000000001
2026-08-27 10:35:48,6,276,48,52674.1,6.666667e-05,8,0.5185295,1.0,0.163,0,0,52.67,212.5,Step Time,0.021739130434782608,0.043557168784029036,0.15188912094171256,14931.30814505411,1866.4135181317638,1.6795560457321974,False,,0.45043776666666663,70.27333333333333
2026-08-27 10:36:40,7,276,56,52226.6,7.777778e-05,8,0.3987474,1.0,0.275,0,0,52.23,214.3,Step Time,0.025362318840579712,0.050816696914700546,0.15316867700555237,15057.09362435382,1882.1367030442275,1.4899572078780188,False,,0.44305342857142854,67.69571428571429
2026-08-27 10:37:34,8,276,64,54018.5,8.888889e-05,8,0.4064706,1.0,0.227,0,0,54.02,207.2,Step Time,0.028985507246376812,0.05807622504537205,0.14809329877823027,14558.16364309515,1819.7704553868937,1.5015089963524173,False,,0.438480575,65.98625
2026-08-27 10:38:26,9,276,72,52324.9,0.0001,8,0.4818587,1.0,0.35,0,0,52.32,213.9,Step Time,0.03260869565217391,0.06533575317604355,0.1529051987767584,15031.192660550458,1878.8990825688072,1.6190809929938212,False,,0.44330036666666667,64.46777777777778
2026-08-27 10:39:19,10,276,80,52664.6,9.999688e-05,8,0.2853075,1.0,0.156,0,0,52.66,212.6,Step Time,0.036231884057971016,0.07259528130671507,0.1519179642992784,14934.143562476263,1866.767945309533,1.330170992820221,False,,0.42750108,63.287
2026-08-27 10:40:12,11,276,88,53181.6,9.998754e-05,8,0.3888972,1.0,0.126,0,0,53.18,210.5,Step Time,0.03985507246376811,0.07985480943738657,0.15043249341857842,14788.115833019932,1848.5144791274915,1.4753528772613587,False,,0.42271235,53.301
2026-08-27 10:41:06,12,276,96,53870.0,9.997197e-05,8,0.3422247,1.0,0.139,0,0,53.87,207.8,Step Time,0.043478260869565216,0.08711433756805807,0.1485056617783553,14598.70057545944,1824.83757193243,1.4080766567945882,False,,0.42234555,53.439
2026-08-27 10:42:01,13,276,104,54750.7,9.995017e-05,8,0.4533497,1.0,0.119,0,0,54.75,204.5,Step Time,0.04710144927536232,0.09437386569872959,0.1461187214611872,14364.054794520547,1795.5068493150684,1.5735743692660464,False,,0.41586164999999997,53.608000000000004
2026-08-27 10:42:46,14,276,112,45136.8,9.992214e-05,8,0.5005394,1.0,0.117,0,0,45.14,248.0,Step Time,0.050724637681159424,0.10163339382940109,0.17722640673460346,17422.064687638456,2177.758085954807,1.6496108308463469,False,,0.41805389000000004,52.483000000000004
2026-08-27 10:43:24,15,276,120,37998.6,9.98879e-05,8,0.4437236,1.0,0.119,0,0,38.0,294.6,Step Time,0.05434782608695652,0.1088929219600726,0.21052631578947367,20695.57894736842,2586.9473684210525,1.5584996567789784,False,,0.42196483,50.884
2026-08-27 10:44:16,16,276,128,51575.1,9.984745e-05,8,0.3245489,1.0,0.354,0,0,51.58,217.0,Step Time,0.057971014492753624,0.1161524500907441,0.15509887553315238,15246.839860411013,1905.8549825513767,1.3834064505542127,False,,0.40256676999999996,50.775
2026-08-27 10:45:01,17,276,136,45683.2,9.980079e-05,8,0.5215511,1.0,0.122,0,0,45.68,245.0,Step Time,0.06159420289855073,0.12341197822141561,0.17513134851138354,17216.112084063046,2152.014010507881,1.6846386672374967,False,,0.41484714,50.12
2026-08-27 10:45:53,18,276,144,51959.8,9.974792e-05,8,0.4110375,1.0,0.142,0,0,51.96,215.4,Step Time,0.06521739130434782,0.1306715063520871,0.15396458814472672,15135.334872979214,1891.9168591224018,1.5083819198194834,False,,0.41530383000000004,49.914
2026-08-27 10:46:45,19,276,152,51867.1,9.968886e-05,8,0.4797948,1.0,0.182,0,0,51.87,215.8,Step Time,0.06884057971014493,0.13793103448275862,0.1542317331791016,15161.596298438404,1895.1995373048005,1.615742817747291,False,,0.41509744,49.869
2026-08-27 10:47:38,20,276,160,52842.7,9.962361e-05,8,0.4400802,1.0,0.148,0,0,52.84,211.8,Step Time,0.07246376811594203,0.14519056261343014,0.15140045420136258,14883.270249810748,1860.4087812263435,1.5528317506239315,False,,0.43057470999999997,49.887
2026-08-27 10:48:30,21,276,168,52175.8,9.955218e-05,8,0.3830867,1.0,0.324,0,0,52.18,214.5,Step Time,0.07608695652173914,0.15245009074410162,0.15331544653123802,15071.521655806822,1883.9402069758528,1.4668051965661935,False,,0.42999365999999994,49.787
2026-08-27 10:49:24,22,276,176,54099.1,9.947459e-05,8,0.3396771,1.0,0.138,0,0,54.1,206.9,Step Time,0.07971014492753623,0.15970961887477314,0.14787430683918668,14536.635859519409,1817.079482439926,1.404494006221734,False,,0.4297389,49.81
2026-08-27 10:50:17,23,276,184,53127.4,9.939084e-05,8,0.4721732,1.0,0.174,0,0,53.13,210.7,Step Time,0.08333333333333333,0.16696914700544466,0.15057406361754186,14802.032749858836,1850.2540937323545,1.6034750815613739,False,,0.43162124999999996,49.648
2026-08-27 10:51:10,24,276,192,52525.0,9.930094e-05,8,0.3623749,1.0,0.1,0,0,52.52,213.1,Step Time,0.08695652173913043,0.17422867513611615,0.15232292460015232,14973.952779893372,1871.7440974866715,1.4367374738851946,False,,0.41780480000000003,50.386
2026-08-27 10:51:56,25,276,200,46407.8,9.920491e-05,8,0.544564,1.0,0.184,0,0,46.41,241.2,Step Time,0.09057971014492754,0.18148820326678766,0.17237664296487828,16945.313510019394,2118.1641887524243,1.7238566170184764,False,,0.42788884000000005,51.227
2026-08-27 10:52:48,26,276,208,51187.2,9.910276e-05,8,0.402765,1.0,0.125,0,0,51.19,218.7,Step Time,0.09420289855072464,0.18874773139745918,0.15628052353975386,15363.000586051963,1920.3750732564954,1.4959553008575794,False,,0.43571045,51.188
2026-08-27 10:53:41,27,276,216,53035.3,9.89945e-05,8,0.525117,1.0,0.147,0,0,53.04,211.1,Step Time,0.09782608695652174,0.19600725952813067,0.15082956259426847,14827.149321266968,1853.393665158371,1.6906566436351484,True,,0.43606704,51.924
2026-08-27 10:55:34,28,276,224,48359.5,9.888015e-05,8,0.4733694,1.0,0.147,0,0,48.36,231.5,Step Time,0.10144927536231885,0.20326678765880218,0.1654259718775848,16262.034739454095,2032.7543424317619,1.6053943061132914,False,,0.44230023,51.564
2026-08-27 10:56:18,29,276,232,44456.3,9.875974e-05,8,0.4937336,1.0,0.124,0,0,44.46,251.8,Step Time,0.10507246376811594,0.21052631578947367,0.1799370220422852,17688.529014844804,2211.0661268556005,1.638422027022043,False,,0.44369411000000003,50.823
2026-08-27 10:57:06,30,276,240,47188.7,9.863325e-05,8,0.4098592,1.0,0.494,0,0,47.19,237.2,Step Time,0.10869565217391304,0.2177858439201452,0.169527442254715,16665.2256834075,2083.1532104259377,1.5066056401040688,False,,0.44067201,50.257999999999996
2026-08-27 10:57:50,31,276,248,44861.6,9.850074e-05,8,0.4599169,1.0,0.109,0,0,44.86,249.5,Step Time,0.11231884057971014,0.2250453720508167,0.17833259028087384,17530.80695497102,2191.3508693713775,1.5839423539156758,False,,0.44835503,49.525999999999996
2026-08-27 10:58:37,32,276,256,46249.4,9.836219e-05,8,0.5217769,1.0,0.172,0,0,46.25,242.0,Step Time,0.11594202898550725,0.2323049001814882,0.17297297297297298,17003.935135135136,2125.491891891892,1.6850191015979818,False,,0.46656500999999995,48.741
2026-08-27 10:59:29,33,276,264,52220.7,9.821764e-05,8,0.4048566,1.0,0.127,0,0,52.22,214.4,Step Time,0.11956521739130435,0.2395644283121597,0.15319800842589046,15059.977020298737,1882.497127537342,1.4990875154930203,False,,0.45983335,48.65
2026-08-27 11:00:07,34,276,272,38636.0,9.806712e-05,8,0.4782081,1.0,0.157,0,0,38.64,289.7,Step Time,0.12318840579710146,0.24682395644283123,0.20703933747412007,20352.7950310559,2544.0993788819874,1.6131811514537666,False,,0.47141667,47.262
2026-08-27 11:00:53,35,276,280,45053.3,9.791063e-05,8,0.4644141,1.0,0.103,0,0,45.05,248.5,Step Time,0.12681159420289856,0.2540834845735027,0.17758046614872366,17456.87014428413,2182.1087680355163,1.591081700972842,False,,0.4634016799999999,47.126
2026-08-27 11:01:31,36,276,288,38896.9,9.774819e-05,8,0.4309652,1.0,0.1,0,0,38.9,287.8,Step Time,0.13043478260869565,0.2613430127041742,0.20565552699228792,20216.76092544987,2527.095115681234,1.5387420008034873,False,,0.4662217,45.897
2026-08-27 11:02:16,37,276,296,44530.4,9.757984e-05,8,0.4814465,1.0,0.131,0,0,44.53,251.4,Step Time,0.13405797101449277,0.26860254083484575,0.17965416573096787,17660.723108017068,2207.5903885021335,1.6184137453376988,False,,0.46185465,45.046
2026-08-27 11:03:08,38,276,304,51764.4,9.740559e-05,8,0.6146652,1.0,0.154,0,0,51.76,216.2,Step Time,0.13768115942028986,0.27586206896551724,0.1545595054095827,15193.817619783616,1899.227202472952,1.849037438182193,False,,0.47598423,45.386
2026-08-27 11:03:52,39,276,312,44744.5,9.722548e-05,8,0.4352076,1.0,0.222,0,0,44.74,250.2,Step Time,0.14130434782608695,0.2831215970961887,0.17881090746535538,17577.827447474294,2197.2284309342867,1.5452838265769042,False,,0.47013163,45.414
2026-08-27 11:04:36,40,276,320,44004.0,9.703952e-05,8,0.4306305,1.0,0.139,0,0,44.0,254.4,Step Time,0.14492753623188406,0.29038112522686027,0.18181818181818182,17873.454545454544,2234.181818181818,1.5382270700342897,False,,0.47220876,45.095
2026-08-27 11:05:15,41,276,328,38399.1,9.684773e-05,8,0.489008,1.0,0.101,0,0,38.4,291.5,Step Time,0.14855072463768115,0.29764065335753176,0.20833333333333334,20480.0,2560.0,1.6306977651514878,False,,0.47511786999999994,44.449
2026-08-27 11:06:01,42,276,336,45667.3,9.665016e-05,8,0.5524068,1.0,1.743,0,0,45.67,245.1,Step Time,0.15217391304347827,0.30490018148820325,0.1751696956426538,17219.88176045544,2152.48522005693,1.7374296353561316,False,grad_norm_spike,0.47818086,44.391
2026-08-27 11:06:46,43,276,344,45145.9,9.644681e-05,8,0.4414585,1.0,0.105,0,0,45.15,248.0,Step Time,0.15579710144927536,0.3121597096188748,0.17718715393134,17418.205980066447,2177.275747508306,1.554973494269392,False,,0.48184105,43.684
2026-08-27 11:07:34,44,276,352,48798.0,9.623774e-05,8,0.4912572,1.0,0.139,0,0,48.8,229.4,Step Time,0.15942028985507245,0.3194192377495463,0.1639344262295082,16115.409836065575,2014.426229508197,1.634369658428067,False,,0.48314596,44.7
2026-08-27 11:08:05,45,276,360,30662.6,9.602294e-05,8,0.4702088,1.0,0.15,0,0,30.66,365.1,Step Time,0.16304347826086957,0.32667876588021777,0.2609262883235486,25650.09784735812,3206.262230919765,1.600328306885157,False,,0.48372542999999996,43.261
2026-08-27 11:08:50,46,276,368,45063.6,9.580248e-05,8,0.4923773,1.0,0.132,0,0,45.06,248.4,Step Time,0.16666666666666666,0.3339382940108893,0.17754105636928538,17452.99600532623,2181.6245006657787,1.6362013415250847,False,,0.48986663999999996,43.876999999999995
2026-08-27 11:09:21,47,276,376,30969.4,9.557636e-05,8,0.3864823,1.0,0.086,0,0,30.97,361.5,Step Time,0.17028985507246377,0.3411978221415608,0.2583144979011947,25393.348401679046,3174.168550209881,1.4717943460759098,False,,0.48037022,42.521
2026-08-27 11:10:13,48,276,384,51968.9,9.534463e-05,8,0.3797212,1.0,0.1,0,0,51.97,215.4,Step Time,0.17391304347826086,0.3484573502722323,0.1539349624783529,15132.422551472004,1891.5528189340005,1.4618769613166902,False,,0.45687581999999993,42.542
2026-08-27 11:10:51,49,276,392,38237.6,9.510731e-05,8,0.505878,1.0,0.158,0,0,38.24,292.7,Step Time,0.17753623188405798,0.35571687840290384,0.20920502092050208,20565.690376569037,2570.7112970711296,1.6584409926065875,False,,0.46394286000000007,41.892
2026-08-27 11:11:30,50,276,400,38291.7,9.486443e-05,8,0.4012257,1.0,0.119,0,0,38.29,292.3,Step Time,0.18115942028985507,0.3629764065335753,0.20893183598850876,20538.835205014366,2567.3544006267957,1.493654348245479,False,,0.46100238000000004,41.321
2026-08-27 11:12:22,51,276,408,52151.1,9.461604e-05,8,0.4557132,1.0,0.303,0,0,52.15,214.6,Step Time,0.18478260869565216,0.3702359346642468,0.15340364333652926,15080.191754554171,1885.0239693192714,1.5772979108497238,False,,0.45767290000000005,42.696
2026-08-27 11:13:14,52,276,416,52417.4,9.436216e-05,8,0.4466933,1.0,0.088,0,0,52.42,213.6,Step Time,0.18840579710144928,0.37749546279491836,0.15261350629530712,15002.518122853871,1875.314765356734,1.5631348123139128,False,,0.44710155,43.370999999999995
2026-08-27 11:13:52,53,276,424,37978.8,9.410284e-05,8,0.4707634,1.0,0.213,0,0,37.98,294.7,Step Time,0.19202898550724637,0.38475499092558985,0.21063717746182203,20706.47709320695,2588.309636650869,1.601216095125079,False,,0.45003203999999997,42.654
2026-08-27 11:14:37,54,276,432,44631.9,9.38381e-05,8,0.4581484,1.0,0.195,0,0,44.63,250.8,Step Time,0.1956521739130435,0.39201451905626133,0.17925162446784673,17621.151691687206,2202.6439614609008,1.581143627366167,True,,0.44672115999999995,42.237
2026-08-27 11:15:36,55,276,440,49829.3,9.356799e-05,8,0.4345212,1.0,0.108,0,0,49.83,224.6,Step Time,0.19927536231884058,0.3992740471869328,0.16054585591009432,15782.299819385913,1972.7874774232391,1.5442235077014101,False,,0.44315240000000006,44.154
2026-08-27 11:16:08,56,276,448,31501.2,9.329252e-05,8,0.400674,1.0,0.148,0,0,31.5,355.4,Step Time,0.2028985507246377,0.40653357531760437,0.25396825396825395,24966.095238095237,3120.7619047619046,1.4928305264136998,False,,0.43398207,42.798
2026-08-27 11:16:45,57,276,456,36981.8,9.301177e-05,8,0.3654854,1.0,0.523,0,0,36.98,302.7,Step Time,0.20652173913043478,0.41379310344827586,0.2163331530557058,21266.414277988104,2658.301784748513,1.4412134033782626,False,,0.43188237999999995,43.399
2026-08-27 11:17:22,58,276,464,37724.5,9.272575e-05,8,0.350167,1.0,0.122,0,0,37.72,296.7,Step Time,0.21014492753623187,0.42105263157894735,0.21208907741251326,20849.204665959704,2606.150583244963,1.4193045526631614,False,,0.42892695999999997,41.974000000000004
2026-08-27 11:18:08,59,276,472,45373.6,9.243451e-05,8,0.8179373,1.0,4.469,0,0,45.37,246.7,Step Time,0.213768115942029,0.4283121597096189,0.1763279700242451,17333.74476526339,2166.7180956579236,2.2658213043815176,False,grad_norm_spike,0.46013289,42.687
2026-08-27 11:18:38,60,276,480,30480.3,9.213809e-05,8,0.4227412,1.0,0.128,0,0,30.48,367.3,Step Time,0.21739130434782608,0.4355716878402904,0.26246719160104987,25801.574803149604,3225.1968503937005,1.5261392800079303,False,,0.46228444,41.906
2026-08-27 11:19:24,61,276,488,45410.0,9.183652e-05,8,0.4554477,1.0,0.133,0,0,45.41,246.5,Step Time,0.2210144927536232,0.44283121597096187,0.1761726491962123,17318.476106584454,2164.8095133230568,1.5768791938415356,False,,0.46225788999999995,41.232
2026-08-27 11:20:16,62,276,496,51877.0,9.152985e-05,8,0.5616026,1.0,10.034,0,0,51.88,215.8,Step Time,0.2246376811594203,0.4500907441016334,0.15420200462606012,15158.673862760215,1894.834232845027,1.7534803773960335,False,grad_norm_spike,0.47374881999999996,41.178
2026-08-27 11:20:54,63,276,504,37895.1,9.121813e-05,8,0.4733364,1.0,0.131,0,0,37.9,295.4,Step Time,0.22826086956521738,0.4573502722323049,0.21108179419525067,20750.184696569922,2593.7730870712403,1.6053413289753171,False,,0.47400612,41.17
2026-08-27 11:21:39,64,276,512,45047.9,9.090139e-05,8,0.4515996,1.0,0.141,0,0,45.05,248.5,Step Time,0.2318840579710145,0.4646098003629764,0.17758046614872366,17456.87014428413,2182.1087680355163,1.5708228651683416,False,,0.47335123999999995,41.212
2026-08-27 11:22:16,65,276,520,37560.2,9.057968e-05,8,0.5518121,1.0,0.144,0,0,37.56,298.0,Step Time,0.23550724637681159,0.47186932849364793,0.21299254526091585,20938.019169329073,2617.252396166134,1.7363966931278003,False,,0.48508033,39.985
2026-08-27 11:23:09,66,276,528,53277.8,9.025304e-05,8,0.3884905,1.0,0.178,0,0,53.28,210.1,Step Time,0.2391304347826087,0.4791288566243194,0.15015015015015015,14760.36036036036,1845.045045045045,1.4747529732449272,False,,0.48386198,42.163
2026-08-27 11:23:40,67,276,536,30280.1,8.992153e-05,8,0.5051699,1.0,0.33,0,0,30.28,369.7,Step Time,0.2427536231884058,0.4863883847549909,0.2642007926023778,25971.994715984147,3246.4993394980183,1.6572670662174118,False,,0.49783042999999993,41.493
2026-08-27 11:24:11,68,276,544,31384.5,8.958518e-05,8,0.4425611,1.0,0.174,0,0,31.38,356.7,Step Time,0.2463768115942029,0.49364791288566245,0.25493945188017847,25061.567877629062,3132.695984703633,1.5566889536031099,False,,0.50706984,40.858999999999995
2026-08-27 11:24:56,69,276,552,44517.4,8.924404e-05,8,0.4931487,1.0,0.13,0,0,44.52,251.5,Step Time,0.25,0.5009074410163339,0.17969451931716082,17664.690026954177,2208.086253369272,1.6374639941824545,False,,0.47459098,40.774
2026-08-27 11:25:43,70,276,560,46923.1,8.889817e-05,8,0.3664577,1.0,0.13,0,0,46.92,238.6,Step Time,0.2536231884057971,0.5081669691470054,0.17050298380221654,16761.125319693096,2095.140664961637,1.442615376629215,False,,0.46896262999999994,42.418
2026-08-27 11:26:35,71,276,568,52462.6,8.85476e-05,8,0.4797792,1.0,0.11,0,0,52.46,213.4,Step Time,0.2572463768115942,0.515426497277677,0.15249714067861228,14991.0789172703,1873.8848646587876,1.6157176123559367,False,,0.47139578000000004,43.123000000000005
2026-08-27 11:27:13,72,276,576,37923.1,8.819238e-05,8,0.5609809,1.0,0.219,0,0,37.92,295.2,Step Time,0.2608695652173913,0.5226860254083484,0.21097046413502107,20739.24050632911,2592.405063291139,1.752390577444823,False,,0.47133361,41.727
2026-08-27 11:27:44,73,276,584,31508.1,8.783257e-05,8,0.3509277,1.0,0.149,0,0,31.51,355.3,Step Time,0.2644927536231884,0.52994555353902,0.25388765471278957,24958.172008886067,3119.7715011107584,1.420384628391092,False,,0.45909274,41.088
2026-08-27 11:28:29,74,276,592,44720.6,8.746822e-05,8,0.482789,1.0,0.239,0,0,44.72,250.3,Step Time,0.26811594202898553,0.5372050816696915,0.17889087656529518,17585.688729874775,2198.211091234347,1.6205879248822892,False,,0.46221167999999996,41.055
2026-08-27 11:29:07,75,276,600,37590.6,8.709936e-05,8,0.4816771,1.0,0.185,0,0,37.59,297.8,Step Time,0.2717391304347826,0.5444646098003629,0.21282255919127427,20921.308858739023,2615.163607342378,1.6187869945813576,False,,0.45519818,41.05800000000001
2026-08-27 11:29:38,76,276,608,31328.1,8.672607e-05,8,0.3544524,1.0,0.109,0,0,31.33,357.3,Step Time,0.2753623188405797,0.5517241379310345,0.2553463134375998,25101.563996169807,3137.695499521226,1.4253998915475425,False,,0.45179437,38.863
2026-08-27 11:30:16,77,276,616,38188.5,8.634838e-05,8,0.3844348,1.0,0.168,0,0,38.19,293.1,Step Time,0.27898550724637683,0.558983666061706,0.2094789211835559,20592.615868028282,2574.0769835035353,1.4687839301173597,False,,0.43972086,39.654
2026-08-27 11:30:53,78,276,624,37151.6,8.596636e-05,8,0.5071815,1.0,0.137,0,0,37.15,301.3,Step Time,0.2826086956521739,0.5662431941923775,0.21534320323014805,21169.098250336476,2646.1372812920595,1.6606041799915365,False,,0.4461829,40.231
2026-08-27 11:31:38,79,276,632,44921.0,8.558004e-05,8,0.3491994,1.0,0.135,0,0,44.92,249.2,Step Time,0.286231884057971,0.573502722323049,0.17809439002671415,17507.39091718611,2188.4238646482636,1.4179318977755346,False,,0.43178796999999997,40.271
2026-08-27 11:32:09,80,276,640,30561.7,8.518949e-05,8,0.4184013,1.0,0.157,0,0,30.56,366.3,Step Time,0.2898550724637681,0.5807622504537205,0.2617801047120419,25734.031413612567,3216.753926701571,1.5195303395900157,False,,0.43698233000000003,38.635000000000005
2026-08-27 11:32:33,81,276,648,24320.2,8.479476e-05,8,0.4375924,1.0,0.141,0,0,24.32,460.3,Step Time,0.29347826086956524,0.588021778584392,0.32894736842105265,32336.842105263157,4042.1052631578946,1.5489734171657012,True,,0.43276364999999994,35.821
2026-08-27 11:33:25,82,276,656,41198.6,8.439591e-05,8,0.3398337,1.0,0.142,0,0,41.2,271.7,Step Time,0.2971014492753623,0.5952813067150635,0.1941747572815534,19088.155339805824,2386.019417475728,1.4047139672056037,False,,0.41064892999999997,36.149
2026-08-27 11:34:05,83,276,664,39809.5,8.399299e-05,8,0.5049136,1.0,0.189,0,0,39.81,281.2,Step Time,0.3007246376811594,0.6025408348457351,0.20095453403667418,19754.63451394122,2469.3293142426523,1.65684236309637,False,,0.42604752,36.979
2026-08-27 11:34:43,84,276,672,38073.8,8.358605e-05,8,0.321946,1.0,0.149,0,0,38.07,294.0,Step Time,0.30434782608695654,0.6098003629764065,0.21013921723141582,20657.5256107171,2582.1907013396376,1.3798102641911807,False,,0.40996322,36.314
2026-08-27 11:35:21,85,276,680,37934.2,8.317516e-05,8,0.4632955,1.0,0.165,0,0,37.93,295.1,Step Time,0.3079710144927536,0.617059891107078,0.21091484313208542,20733.772739256525,2591.7215924070656,1.5893029120442597,False,,0.40812506,36.348
2026-08-27 11:36:00,86,276,688,38445.3,8.276037e-05,8,0.3990756,1.0,0.122,0,0,38.45,291.2,Step Time,0.3115942028985507,0.6243194192377496,0.20806241872561768,20453.36801040312,2556.67100130039,1.490446292087973,False,,0.41258738,37.06
2026-08-27 11:36:37,87,276,696,37085.8,8.234173e-05,8,0.4522997,1.0,0.172,0,0,37.09,301.8,Step Time,0.31521739130434784,0.631578947368421,0.2156915610676732,21203.343219196548,2650.4179023995684,1.5719229833076664,False,,0.41937387,36.95
2026-08-27 11:37:01,88,276,704,24054.2,8.19193e-05,8,0.5091081,1.0,0.189,0,0,24.05,465.4,Step Time,0.3188405797101449,0.6388384754990926,0.3326403326403326,32699.875259875258,4087.4844074844073,1.66380658388983,False,,0.41956653,35.64
2026-08-27 11:37:45,89,276,712,44515.8,8.149316e-05,8,0.5619521,1.0,1.399,0,0,44.52,251.5,Step Time,0.322463768115942,0.6460980036297641,0.17969451931716082,17664.690026954177,2208.086253369272,1.7540933258944442,False,,0.4408418,35.6
2026-08-27 11:38:15,90,276,720,30140.5,8.106334e-05,8,0.4535092,1.0,0.136,0,0,30.14,371.4,Step Time,0.32608695652173914,0.6533575317604355,0.26542800265428,26092.634372926343,3261.579296615793,1.5738253743950712,False,,0.44435259,35.55800000000001
2026-08-27 11:38:46,91,276,728,30744.3,8.062991e-05,8,0.4921276,1.0,0.154,0,0,30.74,364.1,Step Time,0.32971014492753625,0.6606170598911071,0.2602472348731295,25583.34417696812,3197.918022121015,1.6357928330545108,False,,0.44980611000000004,36.2
2026-08-27 11:39:24,92,276,736,37660.0,8.019293e-05,8,0.4108028,1.0,0.134,0,0,37.66,297.2,Step Time,0.3333333333333333,0.6678765880217786,0.21242697822623474,20882.421667551782,2610.3027084439727,1.5080279441235747,False,,0.45690302000000005,35.846000000000004
2026-08-27 11:40:09,93,276,744,44935.3,7.975248e-05,8,0.4137176,1.0,0.131,0,0,44.94,249.1,Step Time,0.33695652173913043,0.6751361161524501,0.17801513128615934,17499.59946595461,2187.449933244326,1.5124299563510806,False,,0.44778342000000004,36.359
2026-08-27 11:40:40,94,276,752,31536.2,7.930859e-05,8,0.6234288,1.0,22.553,0,0,31.54,355.0,Step Time,0.34057971014492755,0.6823956442831216,0.25364616360177555,24934.432466708942,3116.804058338618,1.8653128742174794,False,grad_norm_spike,0.47793169999999996,35.706
2026-08-27 11:41:25,95,276,760,44352.7,7.886133e-05,8,0.4231762,1.0,0.161,0,0,44.35,252.4,Step Time,0.3442028985507246,0.6896551724137931,0.18038331454340473,17732.40135287486,2216.5501691093573,1.5268032950075257,False,,0.47391977,36.348
2026-08-27 11:41:56,96,276,768,31341.5,7.841078e-05,8,0.3926578,1.0,0.129,0,0,31.34,357.2,Step Time,0.34782608695652173,0.6969147005444646,0.2552648372686662,25093.554562858968,3136.694320357371,1.4809115346842117,False,,0.47327799,35.637
2026-08-27 11:42:26,97,276,776,30193.6,7.795697e-05,8,0.4576909,1.0,0.165,0,0,30.19,370.7,Step Time,0.35144927536231885,0.7041742286751361,0.26498840675720436,26049.420337860218,3256.1775422325272,1.5804204196030371,False,,0.47381711,34.947
2026-08-27 11:42:57,98,276,784,30969.7,7.75e-05,8,0.4935228,1.0,0.155,0,0,30.97,361.4,Step Time,0.35507246376811596,0.7114337568058077,0.2583144979011947,25393.348401679046,3174.168550209881,1.6380766840591738,False,,0.47225858,35.638999999999996
2026-08-27 11:43:43,99,276,792,45942.4,7.703991e-05,8,0.3768075,1.0,0.196,0,0,45.94,243.7,Step Time,0.358695652173913,0.7186932849364791,0.174140182847192,17118.676534610364,2139.8345668262955,1.4576236898021722,False,,0.45374412,35.781
2026-08-27 11:44:14,100,276,800,30965.3,7.657676e-05,8,0.4392763,1.0,0.143,0,0,30.97,361.5,Step Time,0.36231884057971014,0.7259528130671506,0.2583144979011947,25393.348401679046,3174.168550209881,1.5515839308079808,False,,0.45232083,35.864
2026-08-27 11:44:53,101,276,808,39291.0,7.611063e-05,8,0.3842451,1.0,0.116,0,0,39.29,284.9,Step Time,0.36594202898550726,0.7332123411978222,0.20361415118350726,20016.0855179435,2502.0106897429373,1.4685053282320406,False,,0.44153257999999995,36.719
2026-08-27 11:45:17,102,276,816,23867.5,7.564158e-05,8,0.3934368,1.0,0.14,0,0,23.87,469.0,Step Time,0.3695652173913043,0.7404718693284936,0.3351487222454964,32946.45999162128,4118.30749895266,1.48206561422535,False,,0.43979598,35.339999999999996
2026-08-27 11:45:48,103,276,824,30339.0,7.516967e-05,8,0.4137751,1.0,0.137,0,0,30.34,369.0,Step Time,0.37318840579710144,0.7477313974591652,0.26367831245880025,25920.632827949903,3240.079103493738,1.5125169235738545,False,,0.43980173,33.88
2026-08-27 11:46:25,104,276,832,37184.5,7.469497e-05,8,0.4315192,1.0,0.141,0,0,37.18,301.0,Step Time,0.37681159420289856,0.7549909255898367,0.2151694459386767,21152.017213555675,2644.0021516944594,1.539594700047814,False,,0.42061077,34.444
2026-08-27 11:47:03,105,276,840,37727.7,7.421754e-05,8,0.5168576,1.0,0.192,0,0,37.73,296.7,Step Time,0.3804347826086957,0.7622504537205081,0.2120328650940896,20843.678770209382,2605.459846276173,1.6767503420608754,False,,0.42997891,33.782
2026-08-27 11:47:34,106,276,848,31465.3,7.373745e-05,8,0.4188742,1.0,0.165,0,0,31.47,355.8,Step Time,0.38405797101449274,0.7695099818511797,0.2542103590721322,24989.895138226882,3123.7368922783603,1.5202490954240298,False,,0.43260055,33.795
2026-08-27 11:47:57,107,276,856,23384.1,7.325476e-05,8,0.4347925,1.0,0.229,0,0,23.38,478.7,Step Time,0.38768115942028986,0.7767695099818511,0.3421727972626176,33636.95466210436,4204.619332763045,1.5446425123744636,False,,0.43031071,33.114
2026-08-27 11:48:35,108,276,864,37291.3,7.276955e-05,8,0.3922102,1.0,0.122,0,0,37.29,300.2,Step Time,0.391304347826087,0.7840290381125227,0.2145347278090641,21089.621882542237,2636.2027353177796,1.4802488270063296,True,,0.42017945,33.745999999999995
2026-08-27 11:49:19,109,276,872,33980.4,7.228188e-05,8,0.4734319,1.0,0.142,0,0,33.98,329.4,Step Time,0.39492753623188404,0.7912885662431942,0.23543260741612715,23143.967039434963,2892.9958799293704,1.6054946463930246,False,,0.42984188999999995,32.55
2026-08-27 11:49:43,110,276,880,24376.9,7.179182e-05,8,0.3000765,1.0,0.128,0,0,24.38,459.2,Step Time,0.39855072463768115,0.7985480943738656,0.3281378178835111,32257.260049220673,4032.157506152584,1.349962075724739,False,,0.41592190999999995,31.891
2026-08-27 11:50:14,111,276,888,30746.4,7.129943e-05,8,0.4669339,1.0,0.277,0,0,30.75,364.1,Step Time,0.40217391304347827,0.8058076225045372,0.2601626016260163,25575.024390243903,3196.878048780488,1.5950959640890428,False,,0.42419079000000004,31.037
2026-08-27 11:50:38,112,276,896,23901.3,7.080479e-05,8,0.432762,1.0,0.145,0,0,23.9,468.3,Step Time,0.4057971014492754,0.8130671506352087,0.3347280334728034,32905.10460251046,4113.138075313807,1.5415092978256597,False,,0.42812331,31.04
2026-08-27 11:51:10,113,276,904,31612.5,7.030795e-05,8,0.4666843,1.0,0.155,0,0,31.61,354.1,Step Time,0.40942028985507245,0.8203266787658802,0.2530844669408415,24879.215438152485,3109.9019297690606,1.5946978778196395,False,,0.43341423,31.166999999999994
2026-08-27 11:51:49,114,276,912,39278.6,6.9809e-05,8,0.7408125,1.0,51.937,0,0,39.28,285.0,Step Time,0.41304347826086957,0.8275862068965517,0.20366598778004072,20021.181262729122,2502.6476578411402,2.0976391541097628,False,grad_norm_spike,0.46434356,31.377
2026-08-27 11:52:19,115,276,920,30646.1,6.9308e-05,8,0.7602726,1.0,35.577,0,0,30.65,365.3,Step Time,0.4166666666666667,0.8348457350272233,0.2610114192495922,25658.46655791191,3207.3083197389888,2.138859194050211,False,grad_norm_spike,0.48868506,30.669
2026-08-27 11:52:57,116,276,928,38019.2,6.880501e-05,8,0.3917757,1.0,0.198,0,0,38.02,294.4,Step Time,0.42028985507246375,0.8421052631578947,0.21041557075223566,20684.692267227772,2585.5865334034715,1.4796057985990334,False,,0.48597521,31.324
2026-08-27 11:53:22,117,276,936,24068.8,6.830012e-05,8,0.5941402,1.0,0.212,0,0,24.07,465.1,Step Time,0.42391304347826086,0.8493647912885662,0.3323639385126714,32672.704611549645,4084.0880764437056,1.8114727709086953,False,,0.50190998,31.393
2026-08-27 11:53:52,118,276,944,30469.5,6.779338e-05,8,0.5552783,1.0,2.245,0,0,30.47,367.4,Step Time,0.427536231884058,0.8566243194192378,0.2625533311453889,25810.042664916313,3226.255333114539,1.7424258344138361,False,grad_norm_spike,0.51821679,30.711000000000002
2026-08-27 11:54:15,119,276,952,23113.3,6.728488e-05,8,0.5132793,1.0,0.182,0,0,23.11,484.3,Step Time,0.4311594202898551,0.8638838475499092,0.34617048896581565,34029.94374729555,4253.742968411943,1.670761148268536,False,,0.52220153,29.624000000000002
2026-08-27 11:54:46,120,276,960,30435.0,6.677466e-05,8,0.4846808,1.0,0.219,0,0,30.43,367.8,Step Time,0.43478260869565216,0.8711433756805808,0.2628984554715741,25843.969766677623,3230.496220834703,1.6236566549150946,False,,0.54066196,30.229000000000003
2026-08-27 11:55:24,121,276,968,37993.5,6.626283e-05,8,0.5048857,1.0,0.135,0,0,37.99,294.6,Step Time,0.4384057971014493,0.8784029038112523,0.21058173203474598,20701.02658594367,2587.6283232429587,1.656796137839285,False,,0.54445714,30.952999999999996
2026-08-27 11:55:47,122,276,976,23780.7,6.574943e-05,8,0.4764893,1.0,0.132,0,0,23.78,470.7,Step Time,0.4420289855072464,0.8856624319419237,0.33641715727502103,33071.15222876367,4133.894028595459,1.6104107972151125,False,,0.5488298699999999,30.941000000000003
2026-08-27 11:56:32,123,276,984,44442.7,6.523455e-05,8,0.4250407,1.0,0.175,0,0,44.44,251.9,Step Time,0.44565217391304346,0.8929219600725953,0.18001800180018002,17696.489648964896,2212.061206120612,1.5296526752603519,False,,0.54466551,32.224000000000004
2026-08-27 11:56:55,124,276,992,23516.9,6.471825e-05,8,0.3735714,1.0,0.154,0,0,23.52,476.0,Step Time,0.4492753623188406,0.9001814882032668,0.3401360544217687,33436.73469387755,4179.591836734694,1.452914297921,False,,0.5079414,30.648000000000003
2026-08-27 11:57:39,125,276,1000,44115.5,6.42006e-05,8,0.4153289,1.0,0.335,0,0,44.12,253.7,Step Time,0.4528985507246377,0.9074410163339383,0.1813236627379873,17824.841341795105,2228.105167724388,1.514868899146329,False,,0.47344703,31.994999999999997
2026-08-27 11:58:04,126,276,1008,24435.6,6.368167e-05,8,0.5068338,1.0,0.162,0,0,24.44,458.1,Step Time,0.45652173913043476,0.9147005444646098,0.3273322422258592,32178.068739770864,4022.258592471358,1.6600268882861327,False,,0.48495283999999994,30.637
2026-08-27 11:58:35,127,276,1016,30870.4,6.316155e-05,8,0.4337975,1.0,0.287,0,0,30.87,362.6,Step Time,0.4601449275362319,0.9219600725952813,0.25915127955944284,25475.607385811465,3184.450923226433,1.5431063574384676,False,,0.46891857000000003,31.317
2026-08-27 11:59:05,128,276,1024,30112.1,6.26403e-05,8,0.4575682,1.0,0.261,0,0,30.11,371.7,Step Time,0.463768115942029,0.9292196007259528,0.2656924609764198,26118.631683825974,3264.8289604782467,1.5802265139139091,False,,0.45914756,31.281
2026-08-27 11:59:29,129,276,1032,23728.7,6.211799e-05,8,0.451791,1.0,0.206,0,0,23.73,471.7,Step Time,0.4673913043478261,0.9364791288566243,0.337126000842815,33140.83438685208,4142.60429835651,1.5711235494393017,False,,0.45299873,31.343
2026-08-27 11:59:52,130,276,1040,23296.5,6.159468e-05,8,0.3822783,1.0,0.183,0,0,23.3,480.5,Step Time,0.47101449275362317,0.9437386569872959,0.34334763948497854,33752.44635193133,4219.055793991416,1.4656199104025065,False,,0.44275848,30.630000000000003
2026-08-27 12:00:16,131,276,1048,24327.9,6.107048e-05,8,0.3728932,1.0,0.157,0,0,24.33,460.1,Step Time,0.4746376811594203,0.9509981851179673,0.3288121660501439,32323.551171393345,4040.443896424168,1.4519292655063976,False,,0.42955923,29.264
2026-08-27 12:01:02,132,276,1056,45566.3,6.054543e-05,8,0.5225383,1.0,0.151,0,0,45.57,245.7,Step Time,0.4782608695652174,0.9582577132486388,0.17555409260478386,17257.669519420673,2157.208689927584,1.6863025636939533,False,slow_step,0.43416413,31.443
2026-08-27 12:01:25,133,276,1064,23340.5,6.001961e-05,8,0.2717369,1.0,0.193,0,0,23.34,479.6,Step Time,0.48188405797101447,0.9655172413793104,0.3427592116538132,33694.60154241645,4211.825192802056,1.312241705096772,False,,0.41883375,29.333
2026-08-27 12:01:56,134,276,1072,31175.0,5.94931e-05,8,0.5159248,1.0,0.211,0,0,31.17,359.1,Step Time,0.4855072463768116,0.9727767695099818,0.2566570420275906,25230.413859480268,3153.8017324350335,1.6751869985985492,False,,0.43306908999999993,30.098000000000003
2026-08-27 12:02:20,135,276,1080,23385.5,5.896596e-05,8,0.5094051,1.0,0.157,0,0,23.39,478.7,Step Time,0.4891304347826087,0.9800362976406534,0.3420265070542967,33622.573749465584,4202.821718683198,1.6643008078338681,True,,0.44247671000000005,28.025
2026-08-27 12:03:03,136,276,1088,35372.0,5.843828e-05,8,0.7006773,1.0,886.158,0,0,35.37,316.5,Step Time,0.4927536231884058,0.9872958257713249,0.2261803788521346,22234.43596268024,2779.30449533503,2.015117084173259,False,grad_norm_spike,0.46186106000000005,29.118000000000002
2026-08-27 12:03:41,137,276,1096,38046.5,5.791012e-05,8,0.4135443,1.0,0.192,0,0,38.05,294.2,Step Time,0.4963768115942029,0.9945553539019963,0.21024967148488832,20668.38370565046,2583.5479632063075,1.5121678749496543,False,slow_step,0.45983574000000005,29.836000000000002
2026-08-27 12:04:11,138,276,1104,30234.3,5.738156e-05,8,0.3798559,1.0,0.203,0,0,30.23,370.2,Step Time,0.5,1.0018148820326678,0.26463777704267283,26014.95203440291,3251.869004300364,1.4620738894061887,False,,0.45206451000000003,29.848000000000003
2026-08-27 12:04:35,139,276,1112,23408.9,5.685266e-05,8,0.3432634,1.0,0.236,0,0,23.41,478.2,Step Time,0.5036231884057971,1.0090744101633393,0.34173430158052115,33593.84878257155,4199.231097821444,1.4095399858663888,False,,0.44121175,29.815999999999995
2026-08-27 12:04:58,140,276,1120,23471.8,5.632352e-05,8,0.3391548,1.0,0.164,0,0,23.47,476.9,Step Time,0.5072463768115942,1.0163339382940109,0.3408606731998296,33507.96761823605,4188.495952279506,1.4037606305400154,False,,0.4368994,29.833
2026-08-27 12:05:23,141,276,1128,24356.4,5.579418e-05,8,0.9740614,1.0,85.52,0,0,24.36,459.6,Step Time,0.5108695652173914,1.0235934664246824,0.3284072249589491,32283.743842364533,4035.4679802955666,2.6486799928724345,False,grad_norm_spike,0.49701622,29.836000000000002
2026-08-27 12:05:46,142,276,1136,23486.1,5.526474e-05,8,0.3110973,1.0,0.165,0,0,23.49,476.6,Step Time,0.5144927536231884,1.030852994555354,0.34057045551298426,33479.438058748405,4184.929757343551,1.36492202163802,False,,0.47587212,27.627999999999997
2026-08-27 12:06:10,143,276,1144,23655.5,5.473526e-05,8,0.5195819,1.0,0.192,0,0,23.66,473.2,Step Time,0.5181159420289855,1.0381125226860255,0.33812341504649196,33238.884192730344,4154.860524091293,1.681324540933677,False,,0.50065662,27.660000000000004
2026-08-27 12:06:34,144,276,1152,23686.6,5.420582e-05,8,0.488086,1.0,0.663,0,0,23.69,472.6,Step Time,0.5217391304347826,1.0453720508166968,0.33769523005487545,33196.791895314476,4149.5989869143095,1.6291949547140894,False,,0.49787274000000004,26.912
2026-08-27 12:06:58,145,276,1160,24322.5,5.367649e-05,8,0.3731047,1.0,0.346,0,0,24.32,460.2,Step Time,0.5253623188405797,1.0526315789473684,0.32894736842105265,32336.842105263157,4042.1052631578946,1.452236381022373,False,,0.48424269999999997,27.005000000000003
2026-08-27 12:07:21,146,276,1168,23426.4,5.314734e-05,8,0.3770918,1.0,0.206,0,0,23.43,477.8,Step Time,0.5289855072463768,1.05989110707804,0.3414425949637217,33565.1728553137,4195.6466069142125,1.4580381511300688,False,,0.45188415,25.811
2026-08-27 12:07:45,147,276,1176,24026.9,5.261844e-05,8,0.5021806,1.0,785.36,0,0,24.03,465.9,Step Time,0.532608695652174,1.0671506352087115,0.3329171868497711,32727.0911360799,4090.8863920099875,1.6523203950020855,False,grad_norm_spike,0.46074778,24.409
2026-08-27 12:08:08,148,276,1184,23186.0,5.208988e-05,8,0.3691852,1.0,0.17,0,0,23.19,482.8,Step Time,0.5362318840579711,1.074410163339383,0.34497628288055193,33912.54851228978,4239.068564036223,1.4465554809436096,False,,0.45968071000000005,23.705000000000002
2026-08-27 12:08:33,149,276,1192,24354.3,5.156172e-05,8,0.3686273,1.0,0.167,0,0,24.35,459.6,Step Time,0.5398550724637681,1.0816696914700545,0.32854209445585214,32297.00205338809,4037.125256673511,1.4457486727208717,False,,0.4622171,23.799
2026-08-27 12:08:58,150,276,1200,24741.1,5.103404e-05,8,0.3296952,1.0,0.135,0,0,24.74,452.4,Step Time,0.5434782608695652,1.0889292196007259,0.32336297493936944,31787.873888439775,3973.484236054972,1.3905442259842442,False,,0.46127114,23.926
2026-08-27 12:09:21,151,276,1208,23432.2,5.05069e-05,8,0.4471418,1.0,0.157,0,0,23.43,477.7,Step Time,0.5471014492753623,1.0961887477313974,0.3414425949637217,33565.1728553137,4195.6466069142125,1.5638360355147838,False,,0.40857918,23.833000000000002
2026-08-27 12:09:46,152,276,1216,25140.6,4.998039e-05,8,0.499048,1.0,0.148,0,0,25.14,445.3,Step Time,0.5507246376811594,1.103448275862069,0.31821797931583135,31282.100238663483,3910.2625298329353,1.6471524349347328,False,,0.42737425,23.998
2026-08-27 12:10:10,153,276,1224,23392.3,4.945457e-05,8,0.3978209,1.0,0.122,0,0,23.39,478.5,Step Time,0.5543478260869565,1.1107078039927405,0.3420265070542967,33622.573749465584,4202.821718683198,1.4885774018187792,False,,0.41519815,23.971
2026-08-27 12:10:33,154,276,1232,23225.3,4.892952e-05,8,0.4138929,1.0,0.176,0,0,23.23,482.0,Step Time,0.5579710144927537,1.117967332123412,0.34438226431338786,33854.15411106328,4231.76926388291,1.5126951085623412,False,,0.40777884000000003,23.925
2026-08-27 12:10:56,155,276,1240,23545.6,4.840531e-05,8,0.4913797,1.0,0.435,0,0,23.55,475.4,Step Time,0.5615942028985508,1.1252268602540836,0.33970276008492567,33394.140127388535,4174.267515923567,1.634569880974605,False,,0.41960633999999997,23.848000000000003
2026-08-27 12:11:21,156,276,1248,24328.0,4.788201e-05,8,0.3865438,1.0,0.141,0,0,24.33,460.1,Step Time,0.5652173913043478,1.132486388384755,0.3288121660501439,32323.551171393345,4040.443896424168,1.4718848642115974,False,,0.42055153999999995,23.938
2026-08-27 12:11:45,157,276,1256,24513.8,4.73597e-05,8,0.4874806,1.0,0.152,0,0,24.51,456.6,Step Time,0.5688405797101449,1.1397459165154264,0.3263973888208894,32086.168910648714,4010.771113831089,1.6282089385857028,False,,0.41908154,23.986
2026-08-27 12:12:09,158,276,1264,23822.7,4.683845e-05,8,0.4046064,1.0,0.189,0,0,23.82,469.9,Step Time,0.572463768115942,1.147005444646098,0.33585222502099077,33015.61712846348,4126.952141057935,1.4987124907142002,False,,0.42262366,24.049
2026-08-27 12:12:34,159,276,1272,25514.0,4.631833e-05,8,0.3778814,1.0,0.391,0,0,25.51,438.7,Step Time,0.5760869565217391,1.1542649727767695,0.31360250882007057,30828.381027048214,3853.5476283810267,1.4591898726940362,False,,0.42354906999999997,24.165
2026-08-27 12:12:59,160,276,1280,24778.1,4.579941e-05,8,0.3496641,1.0,0.129,0,0,24.78,451.8,Step Time,0.5797101449275363,1.161524500907441,0.3228410008071025,31736.561743341405,3967.0702179176756,1.4185909638505734,False,,0.42554596,24.169
2026-08-27 12:13:23,161,276,1288,23458.5,4.528176e-05,8,0.4804986,1.0,0.155,0,0,23.46,477.2,Step Time,0.5833333333333334,1.1687840290381126,0.3410059676044331,33522.25063938619,4190.281329923274,1.616880377802849,False,,0.42888164,24.172
2026-08-27 12:13:47,162,276,1296,23943.3,4.476546e-05,8,0.4342252,1.0,200.034,0,0,23.94,467.5,Step Time,0.5869565217391305,1.176043557168784,0.3341687552213868,32850.125313283206,4106.265664160401,1.5437664851857997,True,grad_norm_spike,0.42239936,24.052
2026-08-27 12:14:31,163,276,1304,26889.9,4.425057e-05,8,0.4151819,1.0,0.157,0,0,26.89,416.3,Step Time,0.5905797101449275,1.1833030852994555,0.29750836742283376,29246.26255113425,3655.782818891781,1.5146462297847536,False,,0.42413546,24.402
2026-08-27 12:14:54,164,276,1312,23352.6,4.373717e-05,8,0.5330681,1.0,0.19,0,0,23.35,479.3,Step Time,0.5942028985507246,1.190562613430127,0.3426124197002141,33680.17130620985,4210.021413276231,1.7041528072453929,False,,0.43605298000000003,24.414
2026-08-27 12:15:17,165,276,1320,23195.0,4.322533e-05,8,1.263512,1.0,88.958,0,0,23.2,482.6,Step Time,0.5978260869565217,1.1978221415607986,0.3448275862068966,33897.93103448276,4237.241379310345,3.5378245346315973,False,grad_norm_spike,0.5132662100000001,24.379
2026-08-27 12:15:41,166,276,1328,23272.4,4.271512e-05,8,0.4932702,1.0,0.168,0,0,23.27,481.0,Step Time,0.6014492753623188,1.2050816696914701,0.34379028792436617,33795.96046411689,4224.4950580146115,1.6376629581445634,False,,0.52393885,24.273000000000003
2026-08-27 12:16:05,167,276,1336,24044.3,4.220662e-05,8,0.4509404,1.0,0.161,0,0,24.04,465.6,Step Time,0.605072463768116,1.2123411978221417,0.3327787021630616,32713.477537437604,4089.1846921797005,1.569787719956969,False,,0.52028483,24.226
2026-08-27 12:16:28,168,276,1344,23476.9,4.169988e-05,8,0.4807853,1.0,0.188,0,0,23.48,476.8,Step Time,0.6086956521739131,1.219600725952813,0.34071550255536626,33493.69676320272,4186.71209540034,1.6173440038647855,False,,0.5279027199999999,24.192
2026-08-27 12:16:52,169,276,1352,24242.4,4.119499e-05,8,0.3982719,1.0,0.167,0,0,24.24,461.8,Step Time,0.6123188405797102,1.2268602540834845,0.33003300330033003,32443.564356435647,4055.445544554456,1.489248901638827,False,,0.52994177,24.065
2026-08-27 12:17:16,170,276,1360,23470.3,4.0692e-05,8,0.5571057,1.0,0.194,0,0,23.47,476.9,Step Time,0.6159420289855072,1.234119782214156,0.3408606731998296,33507.96761823605,4188.495952279506,1.7456128544769836,False,,0.55068593,23.934
2026-08-27 12:17:39,171,276,1368,23198.8,4.0191e-05,8,0.4231422,1.0,0.19,0,0,23.2,482.5,Step Time,0.6195652173913043,1.2413793103448276,0.3448275862068966,33897.93103448276,4237.241379310345,1.5267513845779777,False,,0.54495029,23.907999999999998
2026-08-27 12:18:03,172,276,1376,23924.7,3.969205e-05,8,0.4899655,1.0,0.169,0,0,23.92,467.9,Step Time,0.6231884057971014,1.2486388384754992,0.33444816053511706,32877.59197324415,4109.698996655518,1.6322599060172116,False,,0.55052432,23.906
2026-08-27 12:18:27,173,276,1384,24157.5,3.919522e-05,8,0.4339598,1.0,0.142,0,0,24.16,463.4,Step Time,0.6268115942028986,1.2558983666061705,0.33112582781456956,32550.993377483443,4068.8741721854303,1.5433568239250854,False,,0.5524021100000001,23.633
2026-08-27 12:18:50,174,276,1392,23249.4,3.870057e-05,8,0.4636908,1.0,0.158,0,0,23.25,481.5,Step Time,0.6304347826086957,1.263157894736842,0.34408602150537637,33825.032258064515,4228.129032258064,1.5899312876756517,False,,0.5454643800000001,23.622999999999998
2026-08-27 12:19:13,175,276,1400,23127.7,3.820818e-05,8,0.5580476,1.0,0.122,0,0,23.13,484.0,Step Time,0.6340579710144928,1.2704174228675136,0.34587116299178555,34000.51880674449,4250.064850843061,1.7472578218003618,False,,0.47491794,23.616
2026-08-27 12:19:37,176,276,1408,23092.8,3.771812e-05,8,0.4581583,1.0,0.207,0,0,23.09,484.7,Step Time,0.6376811594202898,1.2776769509981851,0.34647033347769596,34059.41966219142,4257.427457773928,1.5811592807655621,False,,0.47140675000000004,23.598
2026-08-27 12:20:00,177,276,1416,23365.7,3.723045e-05,8,0.4744991,1.0,5.708,0,0,23.37,479.1,Step Time,0.6413043478260869,1.2849364791288567,0.34231921266581083,33651.34788189987,4206.418485237484,1.6072089448666171,False,grad_norm_spike,0.47376262,23.531
2026-08-27 12:20:24,178,276,1424,23720.2,3.674523e-05,8,0.492992,1.0,0.149,0,0,23.72,471.9,Step Time,0.644927536231884,1.2921960072595282,0.3372681281618887,33154.80607082631,4144.350758853288,1.6372074236773901,False,,0.47498329000000006,23.555
2026-08-27 12:20:47,179,276,1432,23753.9,3.626255e-05,8,0.4420362,1.0,0.137,0,0,23.75,471.2,Step Time,0.6485507246376812,1.2994555353901995,0.3368421052631579,33112.926315789475,4139.115789473684,1.555872061983325,False,,0.47935972,23.506
2026-08-27 12:21:11,180,276,1440,23301.8,3.578246e-05,8,0.5158145,1.0,435.402,0,0,23.3,480.4,Step Time,0.6521739130434783,1.306715063520871,0.34334763948497854,33752.44635193133,4219.055793991416,1.675002235662467,False,grad_norm_spike,0.4752306,23.488999999999997
2026-08-27 12:21:36,181,276,1448,25164.8,3.530503e-05,8,0.6038887,1.0,445.026,0,0,25.16,444.8,Step Time,0.6557971014492754,1.3139745916515426,0.3179650238473768,31257.23370429253,3907.154213036566,1.829218268674241,False,grad_norm_spike,0.49330525,23.685
2026-08-27 12:21:59,182,276,1456,23071.5,3.483033e-05,8,0.4953156,1.0,0.122,0,0,23.07,485.2,Step Time,0.6594202898550725,1.3212341197822142,0.3467706978760295,34088.946684005205,4261.118335500651,1.6410160620094543,False,,0.49384026,23.6
2026-08-27 12:22:22,183,276,1464,23522.5,3.435842e-05,8,0.4474935,1.0,0.187,0,0,23.52,475.9,Step Time,0.6630434782608695,1.3284936479128857,0.3401360544217687,33436.73469387755,4179.591836734694,1.5643861333775133,False,,0.49519363,23.536
2026-08-27 12:22:46,184,276,1472,23654.6,3.388937e-05,8,0.4789669,1.0,0.173,0,0,23.65,473.2,Step Time,0.6666666666666666,1.3357531760435573,0.3382663847780127,33252.938689217764,4156.617336152221,1.6144056978456351,False,,0.49672124,23.576
2026-08-27 12:23:09,185,276,1480,23406.2,3.342324e-05,8,0.4065785,1.0,0.152,0,0,23.41,478.2,Step Time,0.6702898550724637,1.3430127041742286,0.34173430158052115,33593.84878257155,4199.231097821444,1.5016710179140298,False,,0.48157433000000005,23.604
2026-08-27 12:23:33,186,276,1488,23586.1,3.296009e-05,8,0.3738964,1.0,0.117,0,0,23.59,474.6,Step Time,0.6739130434782609,1.3502722323049001,0.3391267486222976,33337.51589656634,4167.189487070793,1.4533865718081738,False,,0.47314814,23.654
2026-08-27 12:23:56,187,276,1496,23265.5,3.25e-05,8,0.3861429,1.0,0.187,0,0,23.27,481.1,Step Time,0.677536231884058,1.3575317604355717,0.34379028792436617,33795.96046411689,4224.4950580146115,1.471294903834994,False,,0.46431252,23.644
2026-08-27 12:24:21,188,276,1504,24200.8,3.204302e-05,8,0.4625763,1.0,0.144,0,0,24.2,462.5,Step Time,0.6811594202898551,1.3647912885662432,0.3305785123966942,32497.19008264463,4062.1487603305786,1.588160296323782,False,,0.46127095,23.692
2026-08-27 12:24:47,189,276,1512,26881.9,3.158922e-05,8,0.866247,1.0,581.226,0,0,26.88,416.4,Step Time,0.6847826086956522,1.3720508166969148,0.2976190476190476,29257.14285714286,3657.1428571428573,2.377969565912045,True,grad_norm_spike,0.5036920300000001,24.005000000000003
2026-08-27 12:25:28,190,276,1520,27011.8,3.113867e-05,8,0.4505601,1.0,0.146,0,0,27.01,414.4,Step Time,0.6884057971014492,1.3793103448275863,0.29618659755646054,29116.3272861903,3639.5409107737873,1.5691908431903803,False,,0.49716658999999996,24.375999999999998
2026-08-27 12:25:53,191,276,1528,25059.3,3.069141e-05,8,0.4465317,1.0,0.232,0,0,25.06,446.7,Step Time,0.6920289855072463,1.3865698729582576,0.3192338387869114,31381.96328810854,3922.7454110135677,1.5628822301374323,False,,0.48143089000000006,24.366
2026-08-27 12:26:16,192,276,1536,23165.7,3.024753e-05,8,0.460032,1.0,0.142,0,0,23.17,483.2,Step Time,0.6956521739130435,1.3938294010889292,0.34527406128614585,33941.82132067328,4242.72766508416,1.584124676173056,False,,0.47790253,24.375999999999998
2026-08-27 12:26:41,193,276,1544,25073.9,2.980706e-05,8,0.4280286,1.0,0.144,0,0,25.07,446.4,Step Time,0.6992753623188406,1.4010889292196007,0.3191065017949741,31369.44555245313,3921.180694056641,1.5342299593169526,False,,0.47595603999999997,24.531
2026-08-27 12:27:05,194,276,1552,23339.1,2.937009e-05,8,0.3581428,1.0,0.179,0,0,23.34,479.6,Step Time,0.7028985507246377,1.4083484573502723,0.3427592116538132,33694.60154241645,4211.825192802056,1.4306699055561098,False,,0.46387363,24.5
2026-08-27 12:27:28,195,276,1560,23076.0,2.893666e-05,8,0.4106372,1.0,0.184,0,0,23.08,485.1,Step Time,0.7065217391304348,1.4156079854809438,0.3466204506065858,34074.17677642981,4259.272097053727,1.5077782353724831,False,,0.46427949999999996,24.467
2026-08-27 12:27:51,196,276,1568,23610.1,2.850685e-05,8,0.3546896,1.0,0.112,0,0,23.61,474.1,Step Time,0.7101449275362319,1.4228675136116153,0.33883947479881404,33309.27573062262,4163.659466327827,1.4257380365042238,False,,0.46235882000000006,24.469
2026-08-27 12:28:15,197,276,1576,23727.4,2.80807e-05,8,0.7147885,1.0,7.73,0,0,23.73,471.8,Step Time,0.7137681159420289,1.4301270417422867,0.337126000842815,33140.83438685208,4142.60429835651,2.043754382492571,False,grad_norm_spike,0.49522338,24.515
2026-08-27 12:28:39,198,276,1584,24033.1,2.765827e-05,8,0.3342304,1.0,0.183,0,0,24.03,465.8,Step Time,0.717391304347826,1.4373865698729582,0.3329171868497711,32727.0911360799,4090.8863920099875,1.3968649441847916,False,,0.48238879,24.497999999999998
2026-08-27 12:29:02,199,276,1592,23114.2,2.723964e-05,8,0.4736687,1.0,0.171,0,0,23.11,484.3,Step Time,0.7210144927536232,1.4446460980036298,0.34617048896581565,34029.94374729555,4253.742968411943,1.6058748725422898,False,,0.44313095999999996,24.121000000000002
2026-08-27 12:29:26,200,276,1600,23415.3,2.682484e-05,8,0.3726928,1.0,0.195,0,0,23.42,478.1,Step Time,0.7246376811594203,1.4519056261343013,0.3415883859948762,33579.504696840304,4197.438087105038,1.4516383280344984,False,,0.43534423,23.762
2026-08-27 12:29:50,201,276,1608,24092.7,2.641395e-05,8,0.479323,1.0,0.125,0,0,24.09,464.6,Step Time,0.7282608695652174,1.4591651542649728,0.33208800332088,32645.57907845579,4080.697384806974,1.6149806900859303,False,,0.43862335999999996,23.665
2026-08-27 12:30:13,202,276,1616,23396.2,2.600701e-05,8,0.5179501,1.0,0.164,0,0,23.4,478.5,Step Time,0.7318840579710145,1.4664246823956444,0.3418803418803419,33608.20512820513,4201.025641025642,1.6785831928220043,False,,0.44441516999999997,23.688
2026-08-27 12:30:39,203,276,1624,25315.3,2.560409e-05,8,0.4444637,1.0,0.112,0,0,25.32,442.2,Step Time,0.7355072463768116,1.4736842105263157,0.315955766192733,31059.715639810427,3882.4644549763034,1.5596535293128224,False,,0.44605868,23.713
2026-08-27 12:31:02,204,276,1632,23909.8,2.520524e-05,8,0.3703836,1.0,0.137,0,0,23.91,468.2,Step Time,0.7391304347826086,1.4809437386569873,0.3345880384776244,32891.342534504394,4111.417816813049,1.448290072191452,False,,0.44728275999999995,23.77
2026-08-27 12:31:26,205,276,1640,23260.2,2.481051e-05,8,0.4850154,1.0,0.195,0,0,23.26,481.2,Step Time,0.7427536231884058,1.4882032667876588,0.34393809114359414,33810.49011177988,4226.311263972485,1.6242000213319612,False,,0.45472058000000004,23.788
2026-08-27 12:31:49,206,276,1648,23352.0,2.441996e-05,8,0.4074093,1.0,0.208,0,0,23.35,479.4,Step Time,0.7463768115942029,1.4954627949183303,0.3426124197002141,33680.17130620985,4210.021413276231,1.502919124587435,False,,0.45999255000000006,23.762
2026-08-27 12:32:12,207,276,1656,22691.3,2.403365e-05,8,0.5467146,1.0,0.243,0,0,22.69,493.3,Step Time,0.75,1.5027223230490019,0.3525782282944028,34659.85015425297,4332.481269281621,1.7275679324060451,False,,0.44318515999999997,23.658
2026-08-27 12:32:36,208,276,1664,24094.5,2.365162e-05,8,0.3952337,1.0,0.176,0,0,24.09,464.6,Step Time,0.7536231884057971,1.5099818511796734,0.33208800332088,32645.57907845579,4080.697384806974,1.4847311320448235,False,,0.44928549,23.664
2026-08-27 12:32:59,209,276,1672,23562.9,2.327393e-05,8,0.4578771,1.0,0.164,0,0,23.56,475.1,Step Time,0.7572463768115942,1.5172413793103448,0.33955857385398985,33379.96604414262,4172.495755517827,1.5807147212838033,False,,0.44770633000000004,23.709
2026-08-27 12:33:23,210,276,1680,23151.8,2.290064e-05,8,0.4775364,1.0,0.114,0,0,23.15,483.5,Step Time,0.7608695652173914,1.5245009074410163,0.3455723542116631,33971.14470842333,4246.393088552916,1.6120979415111212,False,,0.45819069,23.682
2026-08-27 12:33:46,211,276,1688,23583.6,2.253179e-05,8,0.3799245,1.0,0.167,0,0,23.58,474.7,Step Time,0.7644927536231884,1.5317604355716878,0.3392705682782019,33351.653944020356,4168.9567430025445,1.4621741911153112,False,,0.44825084000000004,23.631
2026-08-27 12:34:13,212,276,1696,26757.7,2.216743e-05,8,0.906657,1.0,65.05,0,0,26.76,418.3,Step Time,0.7681159420289855,1.5390199637023594,0.2989536621823617,29388.340807174885,3673.5426008968607,2.47603130965782,False,grad_norm_spike,0.48712153,23.967000000000002
2026-08-27 12:34:37,213,276,1704,24104.8,2.180762e-05,8,0.3189313,1.0,0.193,0,0,24.1,464.4,Step Time,0.7717391304347826,1.546279491833031,0.33195020746887965,32632.033195020744,4079.004149377593,1.3756568140365038,False,,0.47456829,23.845
2026-08-27 12:35:01,214,276,1712,24338.9,2.14524e-05,8,0.3814562,1.0,0.142,0,0,24.34,459.9,Step Time,0.7753623188405797,1.5535390199637023,0.3286770747740345,32310.27115858669,4038.783894823336,1.4644155194069155,False,,0.47567554999999995,23.887999999999998
2026-08-27 12:35:25,215,276,1720,23500.4,2.110183e-05,8,0.4507877,1.0,0.125,0,0,23.5,476.3,Step Time,0.7789855072463768,1.5607985480943738,0.3404255319148936,33465.1914893617,4183.148936170212,1.5695480316727979,False,,0.47225278,23.912
2026-08-27 12:35:48,216,276,1728,23051.5,2.075596e-05,8,0.4634634,1.0,0.154,0,0,23.05,485.6,Step Time,0.782608695652174,1.5680580762250453,0.3470715835140998,34118.52494577006,4264.815618221258,1.5895697784059961,True,,0.47785818999999996,23.881999999999998
2026-08-27 12:36:35,217,276,1736,28158.8,2.041482e-05,8,0.3385914,1.0,0.17,0,0,28.16,397.5,Step Time,0.7862318840579711,1.5753176043557169,0.2840909090909091,27927.272727272728,3490.909090909091,1.402969974549476,False,,0.45704586999999997,24.429
2026-08-27 12:36:59,218,276,1744,23656.2,2.007847e-05,8,0.4123269,1.0,0.151,0,0,23.66,473.2,Step Time,0.7898550724637681,1.5825771324863884,0.33812341504649196,33238.884192730344,4154.860524091293,1.5103280818879512,False,,0.45875519000000003,24.386000000000003
2026-08-27 12:37:23,219,276,1752,23520.5,1.974695e-05,8,0.408377,1.0,0.143,0,0,23.52,475.9,Step Time,0.7934782608695652,1.58983666061706,0.3401360544217687,33436.73469387755,4179.591836734694,1.504374203350608,False,,0.45380518,24.381999999999998
2026-08-27 12:37:47,220,276,1760,24245.4,1.942032e-05,8,0.3903486,1.0,0.143,0,0,24.25,461.7,Step Time,0.7971014492753623,1.5970961887477313,0.32989690721649484,32430.18556701031,4053.773195876289,1.4774957591406195,False,,0.4450864,24.492
2026-08-27 12:38:11,221,276,1768,23928.3,1.909861e-05,8,0.472408,1.0,0.17,0,0,23.93,467.8,Step Time,0.8007246376811594,1.6043557168784028,0.3343083994985374,32863.85290430422,4107.981613038028,1.6038516217146084,False,,0.45433475,24.527
2026-08-27 12:38:35,222,276,1776,24354.2,1.878187e-05,8,0.3261902,1.0,0.304,0,0,24.35,459.6,Step Time,0.8043478260869565,1.6116152450090744,0.32854209445585214,32297.00205338809,4037.125256673511,1.385678899936954,False,,0.39628807,24.286
2026-08-27 12:38:59,223,276,1784,23490.8,1.847015e-05,8,0.4156613,1.0,0.129,0,0,23.49,476.5,Step Time,0.8079710144927537,1.618874773139746,0.34057045551298426,33479.438058748405,4184.929757343551,1.5153725252664292,False,,0.40596107000000003,24.225
2026-08-27 12:39:22,224,276,1792,23361.6,1.816348e-05,8,0.3789597,1.0,0.13,0,0,23.36,479.2,Step Time,0.8115942028985508,1.6261343012704175,0.3424657534246575,33665.75342465754,4208.219178082192,1.4607641657613295,False,,0.40571142,24.127000000000002
2026-08-27 12:39:45,225,276,1800,22995.6,1.786192e-05,8,0.4934256,1.0,0.621,0,0,23.0,486.8,Step Time,0.8152173913043478,1.633393829401089,0.34782608695652173,34192.69565217391,4274.086956521739,1.637917470743376,False,,0.40997521,24.077
2026-08-27 12:40:08,226,276,1808,23436.8,1.756549e-05,8,0.5847975,1.0,103.421,0,0,23.44,477.6,Step Time,0.8188405797101449,1.6406533575317603,0.341296928327645,33550.853242320816,4193.856655290102,1.7946275367657485,False,grad_norm_spike,0.42210862000000005,24.116
2026-08-27 12:40:32,227,276,1816,23347.0,1.727425e-05,8,0.4638993,1.0,0.134,0,0,23.35,479.5,Step Time,0.822463768115942,1.6479128856624319,0.3426124197002141,33680.17130620985,4210.021413276231,1.5902628229104794,False,,0.43463941000000006,23.634999999999998
2026-08-27 12:40:56,228,276,1824,23854.8,1.698823e-05,8,0.4871466,1.0,0.252,0,0,23.85,469.3,Step Time,0.8260869565217391,1.6551724137931034,0.3354297693920335,32974.088050314465,4121.761006289308,1.627665207608343,False,,0.44212138,23.654
2026-08-27 12:41:19,229,276,1832,22943.6,1.670747e-05,8,0.4916635,1.0,0.16,0,0,22.94,487.9,Step Time,0.8297101449275363,1.662431941923775,0.34873583260680036,34282.1272885789,4285.2659110723625,1.6350338377391764,False,,0.45045003,23.596
2026-08-27 12:41:42,230,276,1840,23224.4,1.643202e-05,8,0.3794348,1.0,0.196,0,0,23.22,482.0,Step Time,0.8333333333333334,1.6696914700544465,0.34453057708871665,33868.7338501292,4233.59173126615,1.4614583397044454,False,,0.44935865,23.493000000000002
2026-08-27 12:42:05,231,276,1848,23241.2,1.61619e-05,8,0.4492091,1.0,0.235,0,0,23.24,481.6,Step Time,0.8369565217391305,1.676950998185118,0.34423407917383825,33839.58691910499,4229.948364888124,1.5670722977608986,False,,0.44703876,23.424
2026-08-27 12:42:29,232,276,1856,24202.1,1.589716e-05,8,0.6730718,1.0,824.821,0,0,24.2,462.5,Step Time,0.8405797101449275,1.6842105263157894,0.3305785123966942,32497.19008264463,4062.1487603305786,1.9602495763333807,False,grad_norm_spike,0.48172692,23.409
2026-08-27 12:42:54,233,276,1864,24212.6,1.563784e-05,8,0.9894,1.0,112.298,0,0,24.21,462.3,Step Time,0.8442028985507246,1.691470054446461,0.33044196612969845,32483.767038413876,4060.4708798017346,2.6896202159911877,False,grad_norm_spike,0.53910079,23.481
2026-08-27 12:43:17,234,276,1872,23605.3,1.538396e-05,8,0.3948816,1.0,0.358,0,0,23.61,474.2,Step Time,0.8478260869565217,1.6987295825771325,0.33883947479881404,33309.27573062262,4163.659466327827,1.4842084502367627,False,,0.54069298,23.506
2026-08-27 12:43:40,235,276,1880,23255.8,1.513557e-05,8,0.4770044,1.0,0.157,0,0,23.26,481.3,Step Time,0.8514492753623188,1.705989110707804,0.34393809114359414,33810.49011177988,4226.311263972485,1.6112405334969913,False,,0.5390508599999999,23.532
2026-08-27 12:44:03,236,276,1888,22661.6,1.489269e-05,8,0.4755701,1.0,1.478,0,0,22.66,494.0,Step Time,0.855072463768116,1.7132486388384756,0.353045013239188,34705.73698146514,4338.217122683142,1.6089311877430061,False,,0.52812812,23.454
2026-08-27 12:44:27,237,276,1896,23684.2,1.465537e-05,8,0.3382507,1.0,0.115,0,0,23.68,472.6,Step Time,0.8586956521739131,1.720508166969147,0.33783783783783783,33210.81081081081,4151.351351351352,1.4024920640958156,False,,0.51556326,23.487000000000002
2026-08-27 12:44:50,238,276,1904,23140.2,1.442364e-05,8,0.4610559,1.0,0.144,0,0,23.14,483.7,Step Time,0.8623188405797102,1.7277676950998184,0.34572169403630076,33985.82541054451,4248.228176318064,1.5857474920878212,False,,0.51295419,23.416
2026-08-27 12:45:15,239,276,1912,25128.5,1.419752e-05,8,0.3565784,1.0,0.177,0,0,25.13,445.5,Step Time,0.8659420289855072,1.73502722323049,0.31834460803820136,31294.54834858735,3911.8185435734185,1.4284335153164054,False,,0.49944568,23.634999999999998
2026-08-27 12:45:39,240,276,1920,23516.4,1.397705e-05,8,0.3920195,1.0,0.126,0,0,23.52,476.0,Step Time,0.8695652173913043,1.7422867513611615,0.3401360544217687,33436.73469387755,4179.591836734694,1.4799665704690357,False,,0.50070415,23.665
2026-08-27 12:46:02,241,276,1928,23160.4,1.376226e-05,8,0.401122,1.0,0.171,0,0,23.16,483.3,Step Time,0.8731884057971014,1.749546279491833,0.3454231433506045,33956.47668393782,4244.559585492228,1.493499464320436,False,,0.49589543999999997,23.657
2026-08-27 12:46:25,242,276,1936,23335.1,1.355318e-05,8,0.4281752,1.0,0.172,0,0,23.34,479.7,Step Time,0.8768115942028986,1.7568058076225046,0.3427592116538132,33694.60154241645,4211.825192802056,1.5344548939162919,False,,0.47140578,23.571
2026-08-27 12:46:48,243,276,1944,23403.6,1.334984e-05,8,0.5051082,1.0,0.163,0,0,23.4,478.3,Step Time,0.8804347826086957,1.7640653357531761,0.3418803418803419,33608.20512820513,4201.025641025642,1.657164815993878,True,,0.4229766,23.490000000000002
2026-08-27 12:47:29,244,276,1952,26803.5,1.315227e-05,8,0.3886226,1.0,0.156,0,0,26.8,417.6,Step Time,0.8840579710144928,1.7713248638838475,0.29850746268656714,29344.4776119403,3668.0597014925374,1.4749478009807815,False,,0.42235069999999997,23.809
2026-08-27 12:47:53,245,276,1960,24176.2,1.296048e-05,8,0.3493449,1.0,0.156,0,0,24.18,463.0,Step Time,0.8876811594202898,1.778584392014519,0.3308519437551696,32524.06947890819,4065.5086848635237,1.4181382218763754,False,,0.40958474999999994,23.901
2026-08-27 12:48:16,246,276,1968,22936.0,1.277452e-05,8,0.7544546,1.0,120.026,0,0,22.94,488.1,Step Time,0.8913043478260869,1.7858439201451906,0.34873583260680036,34282.1272885789,4285.2659110723625,2.126451440413835,False,grad_norm_spike,0.4374732,23.929
2026-08-27 12:48:39,247,276,1976,23342.5,1.259441e-05,8,0.415969,1.0,0.161,0,0,23.34,479.6,Step Time,0.894927536231884,1.793103448275862,0.3427592116538132,33694.60154241645,4211.825192802056,1.5158388771370095,False,,0.44524503,23.895
2026-08-27 12:49:04,248,276,1984,24954.9,1.242016e-05,8,0.3592134,1.0,0.505,0,0,24.95,448.6,Step Time,0.8985507246376812,1.8003629764065336,0.32064128256513025,31520.320641282568,3940.040080160321,1.4322024009554086,False,,0.43506078,24.076
2026-08-27 12:49:28,249,276,1992,23256.3,1.225181e-05,8,0.4493415,1.0,0.218,0,0,23.26,481.3,Step Time,0.9021739130434783,1.8076225045372052,0.34393809114359414,33810.49011177988,4226.311263972485,1.567279791868929,False,,0.44433709,23.889
2026-08-27 12:49:50,250,276,2000,22588.7,1.208938e-05,8,0.3988202,1.0,0.185,0,0,22.59,495.6,Step Time,0.9057971014492754,1.8148820326678765,0.35413899955732625,34813.2802124834,4351.660026560425,1.4900656807111157,False,,0.44501716,23.796
2026-08-27 12:50:14,251,276,2008,23389.5,1.193288e-05,8,0.4801646,1.0,638.928,0,0,23.39,478.6,Step Time,0.9094202898550725,1.822141560798548,0.3420265070542967,33622.573749465584,4202.821718683198,1.6163404299329767,False,grad_norm_spike,0.45292142,23.819
2026-08-27 12:50:37,252,276,2016,23364.8,1.178236e-05,8,0.5174474,1.0,0.334,0,0,23.36,479.1,Step Time,0.9130434782608695,1.8294010889292196,0.3424657534246575,33665.75342465754,4208.219178082192,1.677739581110542,False,,0.46184864000000003,23.821
2026-08-27 12:51:01,253,276,2024,24282.3,1.163781e-05,8,0.8420312,1.0,104.524,0,0,24.28,461.0,Step Time,0.9166666666666666,1.8366606170598911,0.32948929159802304,32390.11532125206,4048.7644151565073,2.321076763023945,False,grad_norm_spike,0.49554094,23.909
2026-08-27 12:51:25,254,276,2032,23920.3,1.149927e-05,8,0.43951,1.0,0.189,0,0,23.92,468.0,Step Time,0.9202898550724637,1.8439201451905627,0.33444816053511706,32877.59197324415,4109.698996655518,1.551946578346325,False,,0.5006296800000001,23.621000000000002
2026-08-27 12:51:50,255,276,2040,25238.9,1.136675e-05,8,0.7384914,1.0,215.259,0,0,25.24,443.5,Step Time,0.9239130434782609,1.851179673321234,0.3169572107765452,31158.161648177498,3894.7702060221873,2.092775970020822,False,grad_norm_spike,0.53954433,23.727
2026-08-27 12:52:15,256,276,2048,24024.0,1.124026e-05,8,0.439997,1.0,0.235,0,0,24.02,465.9,Step Time,0.927536231884058,1.8584392014519056,0.33305578684429643,32740.716069941715,4092.5895087427143,1.5527025603966678,False,,0.50809857,23.835
2026-08-27 12:52:38,257,276,2056,23864.7,1.111984e-05,8,0.5411737,1.0,0.336,0,0,23.86,469.1,Step Time,0.9311594202898551,1.865698729582577,0.3352891869237217,32960.26823134954,4120.033528918692,1.7180221218627998,False,,0.5206190399999999,23.887
2026-08-27 12:53:02,258,276,2064,23955.3,1.10055e-05,8,0.516035,1.0,0.268,0,0,23.96,467.3,Step Time,0.9347826086956522,1.8729582577132486,0.333889816360601,32822.70450751252,4102.838063439065,1.6753716143779376,False,,0.5363012,23.788
2026-08-27 12:53:28,259,276,2072,25373.1,1.089724e-05,8,0.4942379,1.0,0.122,0,0,25.37,441.2,Step Time,0.9384057971014492,1.8802177858439202,0.31533307055577453,30998.50216791486,3874.8127709893574,1.6392484916258048,False,,0.54079084,23.999000000000002
2026-08-27 12:53:52,260,276,2080,24575.5,1.079509e-05,8,0.4376397,1.0,0.118,0,0,24.58,455.5,Step Time,0.9420289855072463,1.8874773139745917,0.3254678600488202,31994.79251423922,3999.3490642799024,1.5490466853411118,False,,0.54467279,24.198
2026-08-27 12:54:15,261,276,2088,22962.5,1.069906e-05,8,0.4391888,1.0,0.271,0,0,22.96,487.5,Step Time,0.9456521739130435,1.894736842105263,0.3484320557491289,34252.26480836237,4281.5331010452965,1.5514481731535192,False,,0.54057521,24.155
2026-08-27 12:54:39,262,276,2096,23390.2,1.060916e-05,8,0.3311241,1.0,0.138,0,0,23.39,478.6,Step Time,0.9492753623188406,1.9019963702359346,0.3420265070542967,33622.573749465584,4202.821718683198,1.3925325948805976,False,,0.52194288,24.158
2026-08-27 12:55:03,263,276,2104,24287.0,1.052541e-05,8,0.4224356,1.0,0.248,0,0,24.29,460.9,Step Time,0.9528985507246377,1.9092558983666061,0.32935364347468093,32376.780568135036,4047.0975710168796,1.5256729631008126,False,,0.47998332,24.159
2026-08-27 12:55:26,264,276,2112,23435.8,1.044782e-05,8,0.4996941,1.0,2.07,0,0,23.44,477.6,Step Time,0.9565217391304348,1.9165154264972777,0.341296928327645,33550.853242320816,4193.856655290102,1.6482170039949458,False,grad_norm_spike,0.48600173,24.111
2026-08-27 12:55:49,265,276,2120,23112.1,1.037639e-05,8,0.4904145,1.0,0.207,0,0,23.11,484.3,Step Time,0.9601449275362319,1.9237749546279492,0.34617048896581565,34029.94374729555,4253.742968411943,1.6329929552722557,False,,0.46119403999999997,23.898
2026-08-27 12:56:12,266,276,2128,22965.3,1.031114e-05,8,0.3589784,1.0,0.208,0,0,22.97,487.4,Step Time,0.9637681159420289,1.9310344827586208,0.348280365694384,34237.35306922073,4279.669133652591,1.431865872934775,False,,0.45309217999999996,23.793
2026-08-27 12:56:37,267,276,2136,24356.1,1.025208e-05,8,0.4106502,1.0,0.154,0,0,24.36,459.6,Step Time,0.967391304347826,1.938294010889292,0.3284072249589491,32283.743842364533,4035.4679802955666,1.5077978366169507,False,,0.44003983,23.843
2026-08-27 12:57:00,268,276,2144,23387.8,1.019921e-05,8,0.5124394,1.0,0.229,0,0,23.39,478.6,Step Time,0.9710144927536232,1.9455535390199636,0.3420265070542967,33622.573749465584,4202.821718683198,1.669358465119352,False,,0.43968027000000004,23.786
2026-08-27 12:57:23,269,276,2152,23299.2,1.015255e-05,8,0.363543,1.0,0.194,0,0,23.3,480.4,Step Time,0.9746376811594203,1.9528130671506352,0.34334763948497854,33752.44635193133,4219.055793991416,1.438416707493892,False,,0.42661078,23.579
2026-08-27 12:57:47,270,276,2160,23694.9,1.011209e-05,8,0.4707018,1.0,0.325,0,0,23.69,472.4,Step Time,0.9782608695652174,1.9600725952813067,0.33769523005487545,33196.791895314476,4149.5989869143095,1.6011174632515122,True,,0.42991699,23.490000000000002
2026-08-27 12:58:24,271,276,2168,26555.4,1.007785e-05,8,0.4079243,1.0,0.199,0,0,26.56,421.5,Step Time,0.9818840579710145,1.9673321234119783,0.30120481927710846,29609.63855421687,3701.2048192771085,1.5036933272766786,False,,0.42679054,23.85
2026-08-27 12:58:49,272,276,2176,24198.4,1.004983e-05,8,0.4254121,1.0,0.187,0,0,24.2,462.6,Step Time,0.9855072463768116,1.9745916515426498,0.3305785123966942,32497.19008264463,4062.1487603305786,1.5302208937755901,False,,0.43621933999999996,23.931
2026-08-27 12:59:12,273,276,2184,22926.7,1.002803e-05,8,0.5711425,1.0,0.155,0,0,22.93,488.3,Step Time,0.9891304347826086,1.9818511796733211,0.3488879197557785,34297.078063672045,4287.134757959006,1.770288451044647,False,,0.45109003000000003,23.794999999999998
2026-08-27 12:59:36,274,276,2192,24517.7,1.001246e-05,8,0.4770133,1.0,27.769,0,0,24.52,456.6,Step Time,0.9927536231884058,1.9891107078039927,0.3262642740619902,32073.083197389886,4009.1353996737357,1.6112548736015528,False,grad_norm_spike,0.44882194999999997,23.903
2026-08-27 12:59:59,275,276,2200,23261.5,1.000311e-05,8,0.4418679,1.0,0.151,0,0,23.26,481.2,Step Time,0.9963768115942029,1.9963702359346642,0.34393809114359414,33810.49011177988,4226.311263972485,1.5556102307490098,False,,0.44396728999999996,23.918
2026-08-27 13:00:22,276,276,2208,23124.1,1e-05,8,0.3475069,1.0,0.16,0,0,23.12,484.1,Step Time,1.0,2.0036297640653356,0.3460207612456747,34015.22491349481,4251.903114186851,1.4155340777661234,True,,0.44282014,23.933
